Estudio,Producto,España 2023,Madrid (Comunidad de) 2023,España 2022,Madrid (Comunidad de) 2022,España 2021,Madrid (Comunidad de) 2021,España 2020,Madrid (Comunidad de) 2020,España 2019,Madrid (Comunidad de) 2019,España 2018,Madrid (Comunidad de) 2018,España 2017,Madrid (Comunidad de) 2017,España 2016,Madrid (Comunidad de) 2016
Cantidad total consumida,Arroz,"304955,2","52392,4","286096,5",45853,265703,"35998,9",257704,"35084,9",264011,"37276,1",239832,"34774,6",240677,"40747,4",248643,"34741,3"
Cantidad total consumida,Harinas y otros cereales,"191271,7","19090,8","148939,4","13732,4",161011,"20283,7",180498,"19496,9",151104,"19099,2",139341,"17121,5",127877,"15116,5",140518,"12852,3"
Cantidad total consumida,Pan,"1677171,6","217726,1",1787500,"238488,1",1769464,234573,1714688,"224547,7",1796590,"225391,8",1824298,"223471,2",1863591,"236500,8",1892744,228899
Cantidad total consumida,Otros productos de panadería,"737101,6","115026,7","722554,7","114685,4",698868,"116609,1",664365,"105071,6",704724,"114067,2",699967,"102418,8",704155,"103521,8",710915,100009
Cantidad total consumida,Pizzas y quiches,"113978,4","14702,5","107151,8","14090,5",95052,"11513,5",100274,"13711,2",99564,"13296,9",98814,"13349,6",102010,"12333,5",107380,"13751,4"
Cantidad total consumida,Pastas alimenticias y cuscús,"309997,7","39780,9","276292,6","36748,3",255809,"32685,8",255254,"33306,2",252638,33962,246639,"33111,4",245777,"33343,6",258815,"32390,2"
Cantidad total consumida,Cereales de desayuno,"82839,6","13242,3",76001,"13739,7",68657,"12061,1",66359,"10952,8",71082,"11525,6",71437,"11988,8",73422,"10763,9",73313,11920
Cantidad total consumida,Otros productos elaborados con cereales n.c.o.p.,"61257,4","8876,1","50591,3","7624,8",48234,"8494,3",45125,"7041,6",41285,"6117,6",38650,"5030,1",40700,"5304,8",37957,"5877,8"
Cantidad total consumida,Carne de vacuno,"233417,7","44528,7","232479,6","38921,9",248989,"38993,4",237195,42527,234534,"41068,3",234032,"39940,8",231263,"37531,1",235446,37812
Cantidad total consumida,Carne de porcino,"437248,1","55267,5","386120,3","42886,9",376681,44878,371842,"43979,1",373367,43396,370543,"44146,7",367582,"39443,5",371320,37325
Cantidad total consumida,Carne de ovino y caprino,"37671,2","6336,3","35636,1","4929,3",45033,"5440,9",49429,"8197,5",50575,"5997,2",50152,"6906,5",50371,"5636,8",50820,"7088,1"
Cantidad total consumida,Carne de ave,"727352,3","105316,3","672494,4","99510,4",659948,98337,641197,100015,624543,"95906,3",625685,"95253,2",616083,"95197,3",643639,"97280,7"
Cantidad total consumida,Otras carnes,36739,4963,"33976,6","4068,8",40655,"3901,9",47065,"5324,9",42592,"4150,7",40369,"4465,7",47680,"6504,2",46051,"4866,4"
Cantidad total consumida,Despojos y menudillos,"59145,4","8951,9","55270,7","7290,1",49783,"6965,3",51920,"8541,7",54285,"7136,8",52495,"5470,8",54701,6311,55328,"6383,8"
Cantidad total consumida,"Charcutería y carne seca, salada o ahumada","694492,2","94501,9","675206,5","94842,4",673742,"101455,7",657428,"96360,2",659519,"96420,4",661769,"96644,6",677110,"96571,7",673168,"94375,7"
Cantidad total consumida,Carne procesada y otras preparaciones a base de carne,"202535,7","25526,3","188554,3","22648,9",183403,"23061,9",174568,"24484,4",169443,"21554,8",176294,"21610,8",164333,"20408,4",168817,"20135,2"
Cantidad total consumida,Pescado fresco o refrigerado,"358424,7","48304,8",369873,"47056,4",406552,"60020,1",381530,"56990,7",355250,"53741,2",358735,"49858,2",365220,"54323,8",390274,"55736,3"
Cantidad total consumida,Pescado congelado,"85601,6","9924,7","87540,3","9897,5",89442,"9825,9",88940,"11950,7",77495,9014,80115,"9212,7",75691,"8448,1",86986,11020
Cantidad total consumida,Marisco fresco o refrigerado,"120620,3","14554,4","115697,7","15874,2",133168,"14597,9",128522,17362,127530,"16428,5",121233,"14781,5",124639,"16215,5",138052,"19291,7"
Cantidad total consumida,Marisco congelado,"56407,7","5205,9","53381,8","7086,1",55245,4280,53626,"5324,6",51924,"4759,8",49213,"4571,4",51979,"3965,5",50734,"4306,9"
Cantidad total consumida,"Pescado y marisco seco, ahumado o salado","24747,4","3531,3","25449,1","4002,8",24342,"2997,4",23870,"3001,1",23379,"3360,4",23706,"3177,2",21522,2596,26156,"3401,9"
Cantidad total consumida,Pescado y marisco procesado y otras preparaciones de pescado y marisco,"265187,9","35619,9","266408,9","42799,9",254059,"33006,6",246091,"33261,1",237997,"33219,5",246761,"29791,3",254055,"33048,9",246152,"31950,4"
Cantidad total consumida,Leche entera,"1248884,3","180602,9",1229542,"198177,5",1215722,"191483,8",1133496,"159593,1",1126633,"183546,8",1121322,"172754,3",1146402,"171008,4",1201581,"191222,9"
Cantidad total consumida,Leche semidescremada y descremada,"1920890,8","296710,3","1991995,3","309908,3",2086426,"304786,4",2060701,"316042,4",1825127,"261691,4",1834318,"255457,6",1894672,"260187,2",1911741,"267921,1"
Cantidad total consumida,Leche conservada,"13425,4","2040,1","14498,7","1785,3",15403,"1229,6",15641,"1513,6",14848,"1512,5",16957,"2052,9",16892,"1851,5",17962,"1971,4"
Cantidad total consumida,Yogures,"816783,8","106810,4","782265,6",100946,791205,96949,742384,"101406,9",739222,"96434,4",745673,"94944,3",780699,"98126,3",778412,"100361,7"
Cantidad total consumida,Queso,"393732,7","51538,6","363436,5","51443,1",336984,"47203,7",319957,"42207,8",303271,"40519,4",293803,"36915,8",297462,"38287,4",290013,"36193,7"
Cantidad total consumida,Otros productos a base de leche,"393050,4","52640,7",356754,"46154,1",312401,"40241,4",307626,"41376,8",297773,"38009,5",315194,"38496,4",333342,"41018,5",338432,"39887,5"
Cantidad total consumida,Huevos,7201026,"1015912,8","6557319,5","925116,8",6575535,"899915,1",6258597,"870348,9",5848928,"802468,8",5857495,"790012,6",5872354,"795764,8",5847542,"760647,4"
Cantidad total consumida,Mantequilla y otras grasas animales,"25241,6",3207,"22498,2","2894,8",20722,"3020,2",23450,"3029,1",19706,"2590,5",20041,"2786,2",18655,"2341,8",17638,"2429,9"
Cantidad total consumida,Margarina y otras grasas vegetales,"31038,2","3291,5","27581,4","5113,8",21400,"3001,9",24095,"2842,9",25645,"3369,5",24859,"2916,5",23741,"3330,1",27260,2953
Cantidad total consumida,Aceite de oliva,"376541,6","47875,1","420055,1","49238,3",405357,"48373,1",386412,"53925,6",387464,"51149,6",413305,"61751,5",383113,53532,399116,"49636,7"
Cantidad total consumida,Otros aceites,"210188,5","21734,6","147420,9","15308,5",164634,"14271,3",144666,"12129,6",150706,"15785,1",159172,"13019,4",166255,"18188,1",173381,"15632,4"
Cantidad total consumida,Cítricos (frescos o refrigerados),"892712,9","143688,9","953480,1","148743,1",1021931,"143912,7",1050941,"171188,3",1039594,"170569,3",1134470,"182560,7",1136748,"181844,9",1149331,"180633,3"
Cantidad total consumida,Platanos (frescos o refrigerados),642169,"88959,6",564503,"82053,4",588006,"79800,2",530117,"77793,6",546396,78124,533934,"71628,6",502787,"71117,9",481490,66025
Cantidad total consumida,Manzanas (frescas o refrigeradas),"397554,9","49739,2","391719,6","53281,8",396291,49805,398235,"57010,2",396231,"54706,9",398931,"56299,9",411457,56798,405870,54228
Cantidad total consumida,Peras (frescas o refrigeradas),"157167,5","20443,9","158922,3","25084,1",174088,"24037,2",169260,"24966,1",172148,"25064,1",187413,27362,181333,"26402,2",179998,"25471,3"
Cantidad total consumida,Frutas con hueso (frescas o refrigeradas),"412940,7",66014,"375051,3","59263,7",402429,58639,345769,"56712,6",377383,"58980,5",378721,"55685,2",375439,"54229,3",367518,"50191,6"
Cantidad total consumida,"Bayas (fresas, frambuesas, uvas, etc.) (frescas o refrigeradas)","199327,7","26515,3","198232,4","28658,6",189239,"28412,1",171998,"25947,9",184806,"27743,2",179214,"24478,5",185449,"21641,6",168199,"23849,3"
Cantidad total consumida,Otras frutas (frescas o refrigeradas),"853543,1","125879,7","831899,6","112577,8",994008,"154005,4",889854,"134112,1",881569,"140009,9",891346,"130796,8",873654,"134639,3",863570,"127897,7"
Cantidad total consumida,Frutos secos,"152324,7","21999,5","143045,8","22300,5",139811,"18695,5",136786,"17504,3",128924,"17522,9",121228,15000,112360,"14461,1",114780,"15906,2"
Cantidad total consumida,"Frutas preparadas, en conserva y congeladas","47402,4","5597,2","45813,3","6336,7",41503,"5933,8",43526,"7792,7",41266,5945,42117,"4270,7",37392,"4714,8",39327,"5388,4"
Cantidad total consumida,Hortalizas de hoja o de tallo (frescas o refrigeradas),"265641,5","32774,6","274674,8","35518,5",270581,"32316,3",285130,"38488,8",271859,"34321,8",275159,"33306,4",292092,"32958,2",306945,"35303,3"
Cantidad total consumida,Bolsas de mezcla de lechugas (frescas o refrigeradas),"35186,6","5054,5","34223,3","4926,6",30286,"5262,7",32263,"4621,6",33037,"6496,8",33920,"5683,2",34937,"5815,6",35542,"5553,3"
Cantidad total consumida,Coles (frescas o refrigeradas),"160564,8","21384,6","139152,9","19657,3",145361,"19091,2",146897,"22270,2",133052,"19803,2",127302,16254,136811,"17247,3",134021,"19656,5"
Cantidad total consumida,"Hortalizas cultivadas por su fruto (tomates, judías verdes, calabacines, etc.) (frescas o refrigeradas)","1033925,3","153593,5","1045908,8","153806,3",1103851,"151042,5",1091503,164522,1009815,"155767,2",1027176,"148642,7",1042294,"149494,7",1064566,"150348,3"
Cantidad total consumida,Hortalizas con raíz o bulbo y setas (frescas o refrigeradas),"636160,1","90829,5","616182,6","86444,3",643273,"88201,9",648321,"95179,9",573165,"83692,4",590477,"77684,1",594147,"80572,4",597474,"81346,8"
Cantidad total consumida,Legumbres y hortalizas secas,"129602,6","19868,7","114679,9","19551,6",115149,"19179,6",123596,"22622,2",123080,"19862,6",115869,16207,119920,"21746,5",117690,"16195,1"
Cantidad total consumida,Legumbres y hortalizas procesadas y otras preparaciones a base de legumbres y hortalizas,"363963,3","51793,5",366245,"56041,1",360134,52470,352036,"54739,2",313298,"46013,8",307850,"42540,6",316402,"46519,1",319154,"40112,5"
Cantidad total consumida,Legumbres y hortalizas congeladas,"118877,2","13364,3","98522,9","11778,4",106140,"13222,2",101930,"13213,9",88367,"10102,1",89020,"12863,3",94343,11842,90715,"10409,8"
Cantidad total consumida,Aceitunas,"79601,3","10093,7","69923,5","10315,2",65088,"10073,3",66835,"9294,6",62204,"8485,9",64750,"8113,3",62340,"7542,4",61336,"8428,4"
Cantidad total consumida,Patatas,"1062210,2","126575,4","982627,8","123144,2",998257,"112185,1",1049204,"136087,6",992943,"120696,9",1013832,"127945,6",1112627,136971,1095272,"127698,7"
Cantidad total consumida,Snacks,"164714,4","24881,2","138000,9",22472,121034,"20491,8",131834,"22212,6",116496,"16653,4",111831,"17099,3",111645,"16047,1",101557,"14411,5"
Cantidad total consumida,"Productos derivados de las patatas, mandioca y otros tubérculos","22019,1","3655,3","20315,8","2729,6",18628,"3499,8",15414,2289,16782,2678,14159,"1784,8",13760,"2555,4",13213,"2407,8"
Cantidad total consumida,Azúcar,"159578,9","18342,4","141852,7","17170,2",150729,"16852,2",163450,"18870,4",154926,"19897,1",160971,"18074,9",171685,"20173,8",175020,"20988,9"
Cantidad total consumida,"Confitura, mermelada y miel","86580,4","12601,3","80355,4","13243,1",75314,"11699,6",80317,"10986,3",75566,11809,77190,"12470,5",75363,10421,71762,"10432,2"
Cantidad total consumida,Chocolate,"118096,2","14078,1","115476,8","14613,3",112478,"15913,8",107711,"14122,1",105809,"13661,1",102287,"11761,2",108417,"13781,8",103076,12995
Cantidad total consumida,Helados,"177674,4","20141,8","167257,8","23154,3",138600,"16581,7",142224,"18733,7",139046,"19576,1",131964,"17461,8",133834,"17227,4",135501,"16181,4"
Cantidad total consumida,Edulcorantes,"2083923,7",353611,"2699946,7","329419,5",2054876,"268292,6",2217733,"355691,5",1918142,"239209,4",2064411,"292228,1",2216376,"304240,6",2138450,"416520,1"
Cantidad total consumida,"Café, no en cápsulas","98139,3",15091,87787,"12125,2",79308,"10456,4",75813,"12628,1",82791,11134,72120,10008,87700,"10770,5",74610,"10968,2"
Cantidad total consumida,Café en cápsulas,"2929398,9",358091,"3148168,5","443112,5",3271258,"327431,4",2829744,406696,2390927,301201,2454613,"309589,6",2154776,"286507,6",1956369,"257721,1"
Cantidad total consumida,Té e infusiones,"7253025,6","868576,2","7209577,1","927938,4",7476118,"1012337,5",8097326,"1350080,7",7436166,"712729,4",7749509,"825281,7",8407484,"1186609,2",8992821,"1343645,6"
Cantidad total consumida,Bebidas de cacao y chocolate en polvo,"95235,8","11167,5","115479,5","15010,7",115984,"12976,5",108180,"11038,9",121619,"11888,2",135239,"17509,8",130136,"15875,2",121827,"12616,7"
Cantidad total consumida,Agua mineral,"5200913,4","275612,6","5116482,6","285587,7",4616923,"265734,9",4441919,"245394,5",4217993,"208215,7",4403133,"212242,8",4153325,"204941,2",3987850,"199843,5"
Cantidad total consumida,Bebidas refrescantes con o sin gas,"1788372,4","248876,2","1772087,7","262642,2",1669706,"245269,3",1700218,"221937,4",1630135,227961,1725231,"244348,1",1840233,"258565,9",1884829,"275415,9"
Cantidad total consumida,Bebidas energéticas,"51411,2","4655,3","51683,5",7489,40722,"4048,1",34911,"3471,7",31886,"3292,7",32000,"4543,7",42922,"6437,6",39100,"6234,5"
Cantidad total consumida,Bebidas isotónicas,"111728,1","16471,6","90461,7",12334,79205,"9314,5",76496,"15959,5",89353,"16752,2",98253,"17255,5",107491,"16397,8",101321,"13351,2"
Cantidad total consumida,Zumos de frutas y/o vegetales,569836,"73440,5","578275,3","88434,4",553005,"83768,8",535402,"68139,7",573569,"82117,9",663634,"85036,9",655011,"88197,4",675451,"89967,9"
Cantidad total consumida,"Espirituosos, licores y similares. Licores sin alcohol","45095,5","6890,7","50181,6","9035,5",46996,"6003,3",51573,"7778,7",47681,5832,50156,"7453,6",53351,"7416,8",50815,"7294,2"
Cantidad total consumida,Vinos de uva,"388679,1","57589,3","416372,3","46544,9",453380,"63037,9",479431,"72229,1",445608,"62595,2",393061,"51107,1",464184,"62190,3",470461,"56350,1"
Cantidad total consumida,Otros vinos,"41818,8","6027,5","49758,6","7128,5",47423,"5654,7",51617,5064,41082,"5447,2",41636,"5367,9",38036,"4497,5",32191,"4670,3"
Cantidad total consumida,Otras bebidas a base de vino,"64690,3","14072,8","71960,8","15067,6",38188,"6816,9",48248,"6414,5",42548,"7485,3",45052,"8969,6",47724,8103,50977,"12002,9"
Cantidad total consumida,Cerveza,"1119826,7","157244,7",1090938,154936,1060882,"156121,3",1173983,"163548,5",955489,"142566,8",1005651,"142331,6",988013,"145760,9",975251,"137958,5"
Cantidad total consumida,Cerveza baja en alcohol o sin alcohol,"96403,8","15159,2","98213,4","15101,5",80239,"11943,7",92189,"13360,7",78896,"13301,1",85347,"14034,5",71782,"10923,6",79123,"10425,9"
Cantidad total consumida,Bebidas a base de cerveza,"34031,9","2974,1","36577,4","4385,6",39049,"6318,4",38527,"6049,2",43374,"5199,6",42001,"4602,1",38587,"5525,7",36504,"5922,2"
Cantidad total consumida,Cigarrillos,"16274279,9","1875899,7","17243281,9","1981657,1",19145388,"2300662,8",19462333,"2489103,1",22529868,"3082892,9",23580420,"2737527,1",25154797,"3582337,7",25663026,3360217
Cantidad total consumida,Puros y pequeños cigarros,"337017,4","20648,3","288117,2",0,400934,"70874,2",242406,"14791,6",264023,"16778,6",159800,"4901,8",274221,"26622,1",250860,"37638,3"
Cantidad total consumida,Suministro de agua,"2240807,8","337535,7","2404329,1","396806,6",3097507,"575264,8",2740416,"446445,8",2705459,"468549,6",2877488,"582744,1",2843328,487764,2706978,"424222,9"
Cantidad total consumida,Electricidad,"52746475,9","7210253,1",60575365,"7872400,9",55527544,"7614792,1",53180105,"7922744,6",53051064,7030059,53873075,"6258548,2",53105506,"6722046,7",52716556,"6895173,6"
Cantidad total consumida,Gas ciudad y natural,4322866,"1081546,7","5254215,2","1501510,3",4966402,"1357198,1",4638045,1424606,4610167,"1460049,6",4896539,1670580,3931448,"1249463,2",3948287,"1162923,6"
Cantidad total consumida,"Gas licuado (butano, propano, etc.)","705135,4","41191,4","863915,8","72235,3",835083,"38553,4",630307,"18956,4",678197,"31505,3",808798,"34971,1",777465,"40624,4",781327,"35477,1"
Cantidad total consumida,Combustibles líquidos,1438881,"117313,7","1698097,8",133479,1678852,"137570,2",1932657,203664,1895916,"192927,5",1883442,"170299,6",1815726,"141524,2",1862858,"119357,6"
Cantidad total consumida,Combustibles sólidos,"1918191,8","40336,8","1729685,5","44831,2",1688852,"53750,5",1577652,"33144,9",1957907,"91340,1",2103858,"36431,2",1984834,"40709,7",2208750,"49302,7"
Cantidad total consumida,Gasóleo,"8718335,6","1091644,5","9849004,9","1238183,8",8786248,"1009724,8",7555236,"868035,6",10345088,"1491946,7",10582427,1688905,10567781,"1494874,5",10254486,"1409444,1"
Cantidad total consumida,Gasolina,9074653,"1509383,1","8568128,8","1228628,2",8039325,"1139137,1",6877249,"1021049,6",9176366,"1475208,4",9014004,"1311159,2",9358674,1360493,8752919,1280556
Cantidad consumida media por hogar,Arroz,"15,8","19,4",15,"17,3","14,1","13,7","13,7","13,2","14,1","14,1","12,9","13,3",13,"15,7","13,5","13,5"
Cantidad consumida media por hogar,Harinas y otros cereales,"9,9","7,1","7,8","5,2","8,5","7,7","9,6","7,4","8,1","7,2","7,5","6,5","6,9","5,8","7,6",5
Cantidad consumida media por hogar,Pan,"86,9","80,6","93,9","89,8","93,8","89,3",91,"84,8","95,9","85,4","97,9","85,2","100,7","91,4","102,6","89,1"
Cantidad consumida media por hogar,Otros productos de panadería,"38,2","42,6",38,"43,2",37,"44,4","35,3","39,7","37,6","43,2","37,6",39,38,40,"38,5","38,9"
Cantidad consumida media por hogar,Pizzas y quiches,"5,9","5,4","5,6","5,3",5,"4,4","5,3","5,2","5,3",5,"5,3","5,1","5,5","4,8","5,8","5,4"
Cantidad consumida media por hogar,Pastas alimenticias y cuscús,"16,1","14,7","14,5","13,8","13,6","12,4","13,5","12,6","13,5","12,9","13,2","12,6","13,3","12,9",14,"12,6"
Cantidad consumida media por hogar,Cereales de desayuno,"4,3","4,9",4,"5,2","3,6","4,6","3,5","4,1","3,8","4,4","3,8","4,6",4,"4,2",4,"4,6"
Cantidad consumida media por hogar,Otros productos elaborados con cereales n.c.o.p.,"3,2","3,3","2,7","2,9","2,6","3,2","2,4","2,7","2,2","2,3","2,1","1,9","2,2",2,"2,1","2,3"
Cantidad consumida media por hogar,Carne de vacuno,"12,1","16,5","12,2","14,7","13,2","14,9","12,6","16,1","12,5","15,6","12,6","15,2","12,5","14,5","12,8","14,7"
Cantidad consumida media por hogar,Carne de porcino,"22,6","20,5","20,3","16,1",20,"17,1","19,7","16,6","19,9","16,4","19,9","16,8","19,9","15,2","20,1","14,5"
Cantidad consumida media por hogar,Carne de ovino y caprino,2,"2,3","1,9","1,9","2,4","2,1","2,6","3,1","2,7","2,3","2,7","2,6","2,7","2,2","2,8","2,8"
Cantidad consumida media por hogar,Carne de ave,"37,7",39,"35,3","37,5",35,"37,5",34,"37,8","33,3","36,4","33,6","36,3","33,3","36,8","34,9","37,9"
Cantidad consumida media por hogar,Otras carnes,"1,9","1,8","1,8","1,5","2,2","1,5","2,5",2,"2,3","1,6","2,2","1,7","2,6","2,5","2,5","1,9"
Cantidad consumida media por hogar,Despojos y menudillos,"3,1","3,3","2,9","2,7","2,6","2,7","2,8","3,2","2,9","2,7","2,8","2,1",3,"2,4",3,"2,5"
Cantidad consumida media por hogar,"Charcutería y carne seca, salada o ahumada",36,35,"35,5","35,7","35,7","38,6","34,9","36,4","35,2","36,5","35,5","36,8","36,6","37,3","36,5","36,7"
Cantidad consumida media por hogar,Carne procesada y otras preparaciones a base de carne,"10,5","9,4","9,9","8,5","9,7","8,8","9,3","9,2",9,"8,2","9,5","8,2","8,9","7,9","9,2","7,8"
Cantidad consumida media por hogar,Pescado fresco o refrigerado,"18,6","17,9","19,4","17,7","21,5","22,9","20,2","21,5",19,"20,4","19,3",19,"19,7",21,"21,2","21,7"
Cantidad consumida media por hogar,Pescado congelado,"4,4","3,7","4,6","3,7","4,7","3,7","4,7","4,5","4,1","3,4","4,3","3,5","4,1","3,3","4,7","4,3"
Cantidad consumida media por hogar,Marisco fresco o refrigerado,"6,2","5,4","6,1",6,"7,1","5,6","6,8","6,6","6,8","6,2","6,5","5,6","6,7","6,3","7,5","7,5"
Cantidad consumida media por hogar,Marisco congelado,"2,9","1,9","2,8","2,7","2,9","1,6","2,8",2,"2,8","1,8","2,6","1,7","2,8","1,5","2,8","1,7"
Cantidad consumida media por hogar,"Pescado y marisco seco, ahumado o salado","1,3","1,3","1,3","1,5","1,3","1,1","1,3","1,1","1,2","1,3","1,3","1,2","1,2",1,"1,4","1,3"
Cantidad consumida media por hogar,Pescado y marisco procesado y otras preparaciones de pescado y marisco,"13,7","13,2",14,"16,1","13,5","12,6","13,1","12,6","12,7","12,6","13,2","11,4","13,7","12,8","13,3","12,4"
Cantidad consumida media por hogar,Leche entera,"64,7","66,8","64,6","74,6","64,4","72,9","60,1","60,3","60,1","69,6","60,2","65,9","61,9","66,1","65,1","74,5"
Cantidad consumida media por hogar,Leche semidescremada y descremada,"99,5","109,8","104,7","116,7","110,6","116,1","109,3","119,3","97,4","99,2","98,5","97,4","102,3","100,5","103,7","104,3"
Cantidad consumida media por hogar,Leche conservada,"0,7","0,8","0,8","0,7","0,8","0,5","0,8","0,6","0,8","0,6","0,9","0,8","0,9","0,7",1,"0,8"
Cantidad consumida media por hogar,Yogures,"42,3","39,5","41,1",38,"41,9","36,9","39,4","38,3","39,4","36,6",40,"36,2","42,2","37,9","42,2","39,1"
Cantidad consumida media por hogar,Queso,"20,4","19,1","19,1","19,4","17,9",18,17,"15,9","16,2","15,4","15,8","14,1","16,1","14,8","15,7","14,1"
Cantidad consumida media por hogar,Otros productos a base de leche,"20,4","19,5","18,7","17,4","16,6","15,3","16,3","15,6","15,9","14,4","16,9","14,7",18,"15,9","18,3","15,5"
Cantidad consumida media por hogar,Huevos,"372,9","375,9","344,5","348,2","348,5","342,7","332,1","328,6","312,1","304,2","314,5","301,2","317,2","307,5",317,"296,2"
Cantidad consumida media por hogar,Mantequilla y otras grasas animales,"1,3","1,2","1,2","1,1","1,1","1,2","1,2","1,1","1,1",1,"1,1","1,1",1,"0,9",1,"0,9"
Cantidad consumida media por hogar,Margarina y otras grasas vegetales,"1,6","1,2","1,4","1,9","1,1","1,1","1,3","1,1","1,4","1,3","1,3","1,1","1,3","1,3","1,5","1,1"
Cantidad consumida media por hogar,Aceite de oliva,"19,5","17,7","22,1","18,5","21,5","18,4","20,5","20,4","20,7","19,4","22,2","23,5","20,7","20,7","21,6","19,3"
Cantidad consumida media por hogar,Otros aceites,"10,9",8,"7,7","5,8","8,7","5,4","7,7","4,6",8,6,"8,5",5,9,7,"9,4","6,1"
Cantidad consumida media por hogar,Cítricos (frescos o refrigerados),"46,2","53,2","50,1",56,"54,2","54,8","55,8","64,6","55,5","64,7","60,9","69,6","61,4","70,3","62,3","70,3"
Cantidad consumida media por hogar,Platanos (frescos o refrigerados),"33,3","32,9","29,7","30,9","31,2","30,4","28,1","29,4","29,2","29,6","28,7","27,3","27,2","27,5","26,1","25,7"
Cantidad consumida media por hogar,Manzanas (frescas o refrigeradas),"20,6","18,4","20,6","20,1",21,19,"21,1","21,5","21,1","20,7","21,4","21,5","22,2","21,9",22,"21,1"
Cantidad consumida media por hogar,Peras (frescas o refrigeradas),"8,1","7,6","8,3","9,4","9,2","9,2",9,"9,4","9,2","9,5","10,1","10,4","9,8","10,2","9,8","9,9"
Cantidad consumida media por hogar,Frutas con hueso (frescas o refrigeradas),"21,4","24,4","19,7","22,3","21,3","22,3","18,3","21,4","20,1","22,4","20,3","21,2","20,3",21,"19,9","19,5"
Cantidad consumida media por hogar,"Bayas (fresas, frambuesas, uvas, etc.) (frescas o refrigeradas)","10,3","9,8","10,4","10,8",10,"10,8","9,1","9,8","9,9","10,5","9,6","9,3",10,"8,4","9,1","9,3"
Cantidad consumida media por hogar,Otras frutas (frescas o refrigeradas),"44,2","46,6","43,7","42,4","52,7","58,7","47,2","50,6",47,"53,1","47,9","49,9","47,2",52,"46,8","49,8"
Cantidad consumida media por hogar,Frutos secos,"7,9","8,1","7,5","8,4","7,4","7,1","7,3","6,6","6,9","6,6","6,5","5,7","6,1","5,6","6,2","6,2"
Cantidad consumida media por hogar,"Frutas preparadas, en conserva y congeladas","2,5","2,1","2,4","2,4","2,2","2,3","2,3","2,9","2,2","2,3","2,3","1,6",2,"1,8","2,1","2,1"
Cantidad consumida media por hogar,Hortalizas de hoja o de tallo (frescas o refrigeradas),"13,8","12,1","14,4","13,4","14,3","12,3","15,1","14,5","14,5",13,"14,8","12,7","15,8","12,7","16,6","13,7"
Cantidad consumida media por hogar,Bolsas de mezcla de lechugas (frescas o refrigeradas),"1,8","1,9","1,8","1,9","1,6",2,"1,7","1,7","1,8","2,5","1,8","2,2","1,9","2,2","1,9","2,2"
Cantidad consumida media por hogar,Coles (frescas o refrigeradas),"8,3","7,9","7,3","7,4","7,7","7,3","7,8","8,4","7,1","7,5","6,8","6,2","7,4","6,7","7,3","7,7"
Cantidad consumida media por hogar,"Hortalizas cultivadas por su fruto (tomates, judías verdes, calabacines, etc.) (frescas o refrigeradas)","53,5","56,8","54,9","57,9","58,5","57,5","57,9","62,1","53,9",59,"55,1","56,7","56,3","57,8","57,7","58,5"
Cantidad consumida media por hogar,Hortalizas con raíz o bulbo y setas (frescas o refrigeradas),"32,9","33,6","32,4","32,5","34,1","33,6","34,4","35,9","30,6","31,7","31,7","29,6","32,1","31,1","32,4","31,7"
Cantidad consumida media por hogar,Legumbres y hortalizas secas,"6,7","7,4",6,"7,4","6,1","7,3","6,6","8,5","6,6","7,5","6,2","6,2","6,5","8,4","6,4","6,3"
Cantidad consumida media por hogar,Legumbres y hortalizas procesadas y otras preparaciones a base de legumbres y hortalizas,"18,8","19,2","19,2","21,1","19,1",20,"18,7","20,7","16,7","17,4","16,5","16,2","17,1",18,"17,3","15,6"
Cantidad consumida media por hogar,Legumbres y hortalizas congeladas,"6,2","4,9","5,2","4,4","5,6",5,"5,4",5,"4,7","3,8","4,8","4,9","5,1","4,6","4,9","4,1"
Cantidad consumida media por hogar,Aceitunas,"4,1","3,7","3,7","3,9","3,4","3,8","3,5","3,5","3,3","3,2","3,5","3,1","3,4","2,9","3,3","3,3"
Cantidad consumida media por hogar,Patatas,55,"46,8","51,6","46,4","52,9","42,7","55,7","51,4",53,"45,7","54,4","48,8","60,1","52,9","59,4","49,7"
Cantidad consumida media por hogar,Snacks,"8,5","9,2","7,3","8,5","6,4","7,8",7,"8,4","6,2","6,3",6,"6,5",6,"6,2","5,5","5,6"
Cantidad consumida media por hogar,"Productos derivados de las patatas, mandioca y otros tubérculos","1,1","1,4","1,1",1,1,"1,3","0,8","0,9","0,9",1,"0,8","0,7","0,7",1,"0,7","0,9"
Cantidad consumida media por hogar,Azúcar,"8,3","6,8","7,5","6,5",8,"6,4","8,7","7,1","8,3","7,5","8,6","6,9","9,3","7,8","9,5","8,2"
Cantidad consumida media por hogar,"Confitura, mermelada y miel","4,5","4,7","4,2",5,4,"4,5","4,3","4,1",4,"4,5","4,1","4,8","4,1",4,"3,9","4,1"
Cantidad consumida media por hogar,Chocolate,"6,1","5,2","6,1","5,5",6,"6,1","5,7","5,3","5,6","5,2","5,5","4,5","5,9","5,3","5,6","5,1"
Cantidad consumida media por hogar,Helados,"9,2","7,5","8,8","8,7","7,3","6,3","7,5","7,1","7,4","7,4","7,1","6,7","7,2","6,7","7,3","6,3"
Cantidad consumida media por hogar,Edulcorantes,"107,9","130,9","141,8",124,"108,9","102,2","117,7","134,3","102,3","90,7","110,8","111,4","119,7","117,6","115,9","162,2"
Cantidad consumida media por hogar,"Café, no en cápsulas","5,1","5,6","4,6","4,6","4,2",4,4,"4,8","4,4","4,2","3,9","3,8","4,7","4,2",4,"4,3"
Cantidad consumida media por hogar,Café en cápsulas,"151,7","132,5","165,4","166,8","173,4","124,7","150,2","153,5","127,6","114,2","131,8",118,"116,4","110,7","106,1","100,3"
Cantidad consumida media por hogar,Té e infusiones,"375,6","321,4","378,8","349,3","396,3","385,6","429,7","509,7","396,8","270,2",416,"314,6","454,2","458,6","487,6","523,1"
Cantidad consumida media por hogar,Bebidas de cacao y chocolate en polvo,"4,9","4,1","6,1","5,7","6,1","4,9","5,7","4,2","6,5","4,5","7,3","6,7",7,"6,1","6,6","4,9"
Cantidad consumida media por hogar,Agua mineral,"269,3",102,"268,8","107,5","244,7","101,2","235,7","92,6","225,1","78,9","236,4","80,9","224,4","79,2","216,2","77,8"
Cantidad consumida media por hogar,Bebidas refrescantes con o sin gas,"92,6","92,1","93,1","98,9","88,5","93,4","90,2","83,8",87,"86,4","92,6","93,2","99,4","99,9","102,2","107,2"
Cantidad consumida media por hogar,Bebidas energéticas,"2,7","1,7","2,7","2,8","2,2","1,5","1,9","1,3","1,7","1,2","1,7","1,7","2,3","2,5","2,1","2,4"
Cantidad consumida media por hogar,Bebidas isotónicas,"5,8","6,1","4,8","4,6","4,2","3,5","4,1",6,"4,8","6,3","5,3","6,6","5,8","6,3","5,5","5,2"
Cantidad consumida media por hogar,Zumos de frutas y/o vegetales,"29,5","27,2","30,4","33,3","29,3","31,9","28,4","25,7","30,6","31,1","35,6","32,4","35,4","34,1","36,6",35
Cantidad consumida media por hogar,"Espirituosos, licores y similares. Licores sin alcohol","2,3","2,5","2,6","3,4","2,5","2,3","2,7","2,9","2,5","2,2","2,7","2,8","2,9","2,9","2,8","2,8"
Cantidad consumida media por hogar,Vinos de uva,"20,1","21,3","21,9","17,5",24,24,"25,4","27,3","23,8","23,7","21,1","19,5","25,1",24,"25,5","21,9"
Cantidad consumida media por hogar,Otros vinos,"2,2","2,2","2,6","2,7","2,5","2,2","2,7","1,9","2,2","2,1","2,2",2,"2,1","1,7","1,7","1,8"
Cantidad consumida media por hogar,Otras bebidas a base de vino,"3,4","5,2","3,8","5,7",2,"2,6","2,6","2,4","2,3","2,8","2,4","3,4","2,6","3,1","2,8","4,7"
Cantidad consumida media por hogar,Cerveza,58,"58,2","57,3","58,3","56,2","59,5","62,3","61,7",51,54,54,"54,3","53,4","56,3","52,9","53,7"
Cantidad consumida media por hogar,Cerveza baja en alcohol o sin alcohol,5,"5,6","5,2","5,7","4,3","4,5","4,9",5,"4,2",5,"4,6","5,4","3,9","4,2","4,3","4,1"
Cantidad consumida media por hogar,Bebidas a base de cerveza,"1,8","1,1","1,9","1,7","2,1","2,4",2,"2,3","2,3",2,"2,3","1,8","2,1","2,1",2,"2,3"
Cantidad consumida media por hogar,Cigarrillos,"842,8","694,2","905,9","745,9","1014,8","876,2","1032,8","939,7","1202,1","1168,6","1265,9","1043,7","1358,8","1384,4","1391,4","1308,3"
Cantidad consumida media por hogar,Puros y pequeños cigarros,"17,5","7,6","15,1",0,"21,3",27,"12,9","5,6","14,1","6,4","8,6","1,9","14,8","10,3","13,6","14,7"
Cantidad consumida media por hogar,Suministro de agua,116,"124,9","126,3","149,4","164,2","219,1","145,4","168,5","144,4","177,6","154,5","222,2","153,6","188,5","146,8","165,2"
Cantidad consumida media por hogar,Electricidad,"2731,6","2668,2","3182,4","2963,3","2943,2","2900,2",2822,"2991,1","2830,6","2664,7","2892,1","2386,1","2868,6","2597,7","2858,2","2684,6"
Cantidad consumida media por hogar,Gas ciudad y natural,"223,9","400,2",276,"565,2","263,2","516,9","246,1","537,8",246,"553,4","262,9","636,9","212,4","482,8","214,1","452,8"
Cantidad consumida media por hogar,"Gas licuado (butano, propano, etc.)","36,5","15,2","45,4","27,2","44,3","14,7","33,4","7,2","36,2","11,9","43,4","13,3",42,"15,7","42,4","13,8"
Cantidad consumida media por hogar,Combustibles líquidos,"74,5","43,4","89,2","50,2",89,"52,4","102,6","76,9","101,2","73,1","101,1","64,9","98,1","54,7",101,"46,5"
Cantidad consumida media por hogar,Combustibles sólidos,"99,3","14,9","90,9","16,9","89,5","20,5","83,7","12,5","104,5","34,6","112,9","13,9","107,2","15,7","119,8","19,2"
Cantidad consumida media por hogar,Gasóleo,"451,5",404,"517,4","466,1","465,7","384,6","400,9","327,7",552,"565,5","568,1","643,9","570,8","577,7",556,"548,8"
Cantidad consumida media por hogar,Gasolina,470,"558,6","450,1","462,5","426,1","433,9","364,9","385,5","489,6","559,2","483,9","499,9","505,5","525,7","474,6","498,6"
Cantidad consumida media por persona,Arroz,"6,4","7,6","6,1","6,8","5,7","5,4","5,5","5,2","5,7","5,6","5,2","5,3","5,2","6,3","5,4","5,5"
Cantidad consumida media por persona,Harinas y otros cereales,4,"2,8","3,2",2,"3,4",3,"3,8","2,9","3,2","2,9",3,"2,6","2,8","2,4","3,1",2
Cantidad consumida media por persona,Pan,"34,9","31,6",38,"35,5","37,8","35,2","36,6","33,6","38,5","34,1","39,4","34,3","40,4","36,8","41,2","35,9"
Cantidad consumida media por persona,Otros productos de panadería,"15,4","16,7","15,4","17,1","14,9","17,5","14,2","15,7","15,1","17,3","15,1","15,7","15,3","16,1","15,5","15,7"
Cantidad consumida media por persona,Pizzas y quiches,"2,4","2,1","2,3","2,1",2,"1,7","2,1","2,1","2,1",2,"2,1","2,1","2,2","1,9","2,3","2,2"
Cantidad consumida media por persona,Pastas alimenticias y cuscús,"6,5","5,8","5,9","5,5","5,5","4,9","5,4",5,"5,4","5,1","5,3","5,1","5,3","5,2","5,6","5,1"
Cantidad consumida media por persona,Cereales de desayuno,"1,7","1,9","1,6",2,"1,5","1,8","1,4","1,6","1,5","1,7","1,5","1,8","1,6","1,7","1,6","1,9"
Cantidad consumida media por persona,Otros productos elaborados con cereales n.c.o.p.,"1,3","1,3","1,1","1,1",1,"1,3",1,"1,1","0,9","0,9","0,8","0,8","0,9","0,8","0,8","0,9"
Cantidad consumida media por persona,Carne de vacuno,"4,9","6,5","4,9","5,8","5,3","5,9","5,1","6,4",5,"6,2","5,1","6,1",5,"5,8","5,1","5,9"
Cantidad consumida media por persona,Carne de porcino,"9,1",8,"8,2","6,4",8,"6,7","7,9","6,6",8,"6,6",8,"6,8",8,"6,1","8,1","5,9"
Cantidad consumida media por persona,Carne de ovino y caprino,"0,8","0,9","0,8","0,7",1,"0,8","1,1","1,2","1,1","0,9","1,1","1,1","1,1","0,9","1,1","1,1"
Cantidad consumida media por persona,Carne de ave,"15,2","15,3","14,3","14,8","14,1","14,8","13,7",15,"13,4","14,5","13,5","14,6","13,4","14,8",14,"15,3"
Cantidad consumida media por persona,Otras carnes,"0,8","0,7","0,7","0,6","0,9","0,6",1,"0,8","0,9","0,6","0,9","0,7",1,1,1,"0,8"
Cantidad consumida media por persona,Despojos y menudillos,"1,2","1,3","1,2","1,1","1,1",1,"1,1","1,3","1,2","1,1","1,1","0,8","1,2",1,"1,2",1
Cantidad consumida media por persona,"Charcutería y carne seca, salada o ahumada","14,5","13,7","14,4","14,1","14,4","15,2",14,"14,4","14,1","14,6","14,3","14,8","14,7",15,"14,6","14,8"
Cantidad consumida media por persona,Carne procesada y otras preparaciones a base de carne,"4,2","3,7",4,"3,4","3,9","3,5","3,7","3,7","3,6","3,3","3,8","3,3","3,6","3,2","3,7","3,2"
Cantidad consumida media por persona,Pescado fresco o refrigerado,"7,5",7,"7,9",7,"8,7",9,"8,1","8,5","7,6","8,1","7,7","7,7","7,9","8,5","8,5","8,8"
Cantidad consumida media por persona,Pescado congelado,"1,8","1,4","1,9","1,5","1,9","1,5","1,9","1,8","1,7","1,4","1,7","1,4","1,6","1,3","1,9","1,7"
Cantidad consumida media por persona,Marisco fresco o refrigerado,"2,5","2,1","2,5","2,4","2,8","2,2","2,7","2,6","2,7","2,5","2,6","2,3","2,7","2,5",3,3
Cantidad consumida media por persona,Marisco congelado,"1,2","0,8","1,1","1,1","1,2","0,6","1,1","0,8","1,1","0,7","1,1","0,7","1,1","0,6","1,1","0,7"
Cantidad consumida media por persona,"Pescado y marisco seco, ahumado o salado","0,5","0,5","0,5","0,6","0,5","0,5","0,5","0,4","0,5","0,5","0,5","0,5","0,5","0,4","0,6","0,5"
Cantidad consumida media por persona,Pescado y marisco procesado y otras preparaciones de pescado y marisco,"5,5","5,2","5,7","6,4","5,4",5,"5,2",5,"5,1",5,"5,3","4,6","5,5","5,1","5,4",5
Cantidad consumida media por persona,Leche entera,26,"26,2","26,2","29,5",26,"28,8","24,2","23,9","24,2","27,8","24,2","26,5","24,9","26,6","26,1",30
Cantidad consumida media por persona,Leche semidescremada y descremada,40,"43,1","42,4","46,2","44,5","45,8","43,9","47,3","39,1","39,6","39,6","39,2","41,1","40,5","41,6","42,1"
Cantidad consumida media por persona,Leche conservada,"0,3","0,3","0,3","0,3","0,3","0,2","0,3","0,2","0,3","0,2","0,4","0,3","0,4","0,3","0,4","0,3"
Cantidad consumida media por persona,Yogures,17,"15,5","16,6",15,"16,9","14,6","15,8","15,2","15,8","14,6","16,1","14,6","16,9","15,3","16,9","15,8"
Cantidad consumida media por persona,Queso,"8,2","7,5","7,7","7,7","7,2","7,1","6,8","6,3","6,5","6,1","6,3","5,7","6,5",6,"6,3","5,7"
Cantidad consumida media por persona,Otros productos a base de leche,"8,2","7,6","7,6","6,9","6,7",6,"6,6","6,2","6,4","5,7","6,8","5,9","7,2","6,4","7,4","6,3"
Cantidad consumida media por persona,Huevos,150,"147,4","139,5","137,8","140,4","135,2","133,5","130,1","125,4","121,4","126,5","121,4","127,4","123,9","127,2","119,5"
Cantidad consumida media por persona,Mantequilla y otras grasas animales,"0,5","0,5","0,5","0,4","0,4","0,5","0,5","0,5","0,4","0,4","0,4","0,4","0,4","0,4","0,4","0,4"
Cantidad consumida media por persona,Margarina y otras grasas vegetales,"0,6","0,5","0,6","0,8","0,5","0,5","0,5","0,4","0,5","0,5","0,5","0,4","0,5","0,5","0,6","0,5"
Cantidad consumida media por persona,Aceite de oliva,"7,8","6,9","8,9","7,3","8,7","7,3","8,2","8,1","8,3","7,7","8,9","9,5","8,3","8,3","8,7","7,8"
Cantidad consumida media por persona,Otros aceites,"4,4","3,2","3,1","2,3","3,5","2,1","3,1","1,8","3,2","2,4","3,4",2,"3,6","2,8","3,8","2,5"
Cantidad consumida media por persona,Cítricos (frescos o refrigerados),"18,6","20,9","20,3","22,2","21,8","21,6","22,4","25,6","22,3","25,8","24,5",28,"24,7","28,3",25,"28,4"
Cantidad consumida media por persona,Platanos (frescos o refrigerados),"13,4","12,9",12,"12,2","12,6",12,"11,3","11,6","11,7","11,8","11,5",11,"10,9","11,1","10,5","10,4"
Cantidad consumida media por persona,Manzanas (frescas o refrigeradas),"8,3","7,2","8,3","7,9","8,5","7,5","8,5","8,5","8,5","8,3","8,6","8,7","8,9","8,8","8,8","8,5"
Cantidad consumida media por persona,Peras (frescas o refrigeradas),"3,3",3,"3,4","3,7","3,7","3,6","3,6","3,7","3,7","3,8",4,"4,2","3,9","4,1","3,9",4
Cantidad consumida media por persona,Frutas con hueso (frescas o refrigeradas),"8,6","9,6",8,"8,8","8,6","8,8","7,4","8,5","8,1","8,9","8,2","8,6","8,1","8,4",8,"7,9"
Cantidad consumida media por persona,"Bayas (fresas, frambuesas, uvas, etc.) (frescas o refrigeradas)","4,2","3,8","4,2","4,3",4,"4,3","3,7","3,9",4,"4,2","3,9","3,8",4,"3,4","3,7","3,7"
Cantidad consumida media por persona,Otras frutas (frescas o refrigeradas),"17,8","18,3","17,7","16,8","21,2","23,1",19,"20,1","18,9","21,2","19,3","20,1",19,21,"18,8","20,1"
Cantidad consumida media por persona,Frutos secos,"3,2","3,2",3,"3,3",3,"2,8","2,9","2,6","2,8","2,7","2,6","2,3","2,4","2,3","2,5","2,5"
Cantidad consumida media por persona,"Frutas preparadas, en conserva y congeladas",1,"0,8",1,"0,9","0,9","0,9","0,9","1,2","0,9","0,9","0,9","0,7","0,8","0,7","0,9","0,8"
Cantidad consumida media por persona,Hortalizas de hoja o de tallo (frescas o refrigeradas),"5,5","4,8","5,8","5,3","5,8","4,9","6,1","5,8","5,8","5,2","5,9","5,1","6,3","5,1","6,7","5,5"
Cantidad consumida media por persona,Bolsas de mezcla de lechugas (frescas o refrigeradas),"0,7","0,7","0,7","0,7","0,6","0,8","0,7","0,7","0,7",1,"0,7","0,9","0,8","0,9","0,8","0,9"
Cantidad consumida media por persona,Coles (frescas o refrigeradas),"3,3","3,1",3,"2,9","3,1","2,9","3,1","3,3","2,9",3,"2,7","2,5",3,"2,7","2,9","3,1"
Cantidad consumida media por persona,"Hortalizas cultivadas por su fruto (tomates, judías verdes, calabacines, etc.) (frescas o refrigeradas)","21,5","22,3","22,2","22,9","23,6","22,7","23,3","24,6","21,6","23,6","22,2","22,8","22,6","23,3","23,2","23,6"
Cantidad consumida media por persona,Hortalizas con raíz o bulbo y setas (frescas o refrigeradas),"13,3","13,2","13,1","12,9","13,7","13,3","13,8","14,2","12,3","12,7","12,8","11,9","12,9","12,5",13,"12,8"
Cantidad consumida media por persona,Legumbres y hortalizas secas,"2,7","2,9","2,4","2,9","2,5","2,9","2,6","3,4","2,6",3,"2,5","2,5","2,6","3,4","2,6","2,5"
Cantidad consumida media por persona,Legumbres y hortalizas procesadas y otras preparaciones a base de legumbres y hortalizas,"7,6","7,5","7,8","8,3","7,7","7,9","7,5","8,2","6,7",7,"6,6","6,5","6,9","7,2","6,9","6,3"
Cantidad consumida media por persona,Legumbres y hortalizas congeladas,"2,5","1,9","2,1","1,8","2,3",2,"2,2",2,"1,9","1,5","1,9",2,2,"1,8",2,"1,6"
Cantidad consumida media por persona,Aceitunas,"1,7","1,5","1,5","1,5","1,4","1,5","1,4","1,4","1,3","1,3","1,4","1,2","1,4","1,2","1,3","1,3"
Cantidad consumida media por persona,Patatas,"22,1","18,4","20,9","18,3","21,3","16,9","22,4","20,3","21,3","18,3","21,9","19,7","24,1","21,3","23,8","20,1"
Cantidad consumida media por persona,Snacks,"3,4","3,6","2,9","3,3","2,6","3,1","2,8","3,3","2,5","2,5","2,4","2,6","2,4","2,5","2,2","2,3"
Cantidad consumida media por persona,"Productos derivados de las patatas, mandioca y otros tubérculos","0,5","0,5","0,4","0,4","0,4","0,5","0,3","0,3","0,4","0,4","0,3","0,3","0,3","0,4","0,3","0,4"
Cantidad consumida media por persona,Azúcar,"3,3","2,7",3,"2,6","3,2","2,5","3,5","2,8","3,3",3,"3,5","2,8","3,7","3,1","3,8","3,3"
Cantidad consumida media por persona,"Confitura, mermelada y miel","1,8","1,8","1,7",2,"1,6","1,8","1,7","1,6","1,6","1,8","1,7","1,9","1,6","1,6","1,6","1,6"
Cantidad consumida media por persona,Chocolate,"2,5",2,"2,5","2,2","2,4","2,4","2,3","2,1","2,3","2,1","2,2","1,8","2,4","2,1","2,2",2
Cantidad consumida media por persona,Helados,"3,7","2,9","3,6","3,4",3,"2,5",3,"2,8",3,3,"2,9","2,7","2,9","2,7","2,9","2,5"
Cantidad consumida media por persona,Edulcorantes,"43,4","51,3","57,4","49,1","43,9","40,3","47,3","53,2","41,1","36,2","44,6","44,9","48,1","47,4","46,5","65,4"
Cantidad consumida media por persona,"Café, no en cápsulas",2,"2,2","1,9","1,8","1,7","1,6","1,6","1,9","1,8","1,7","1,6","1,5","1,9","1,7","1,6","1,7"
Cantidad consumida media por persona,Café en cápsulas,61,52,67,66,"69,8","49,2","60,3","60,8","51,3","45,6",53,"47,6","46,8","44,6","42,6","40,5"
Cantidad consumida media por persona,Té e infusiones,"151,1",126,"153,3","138,2","159,6","152,1","172,7","201,9","159,4","107,8","167,4","126,8","182,5","184,8","195,6",211
Cantidad consumida media por persona,Bebidas de cacao y chocolate en polvo,2,"1,6","2,5","2,2","2,5","1,9","2,3","1,7","2,6","1,8","2,9","2,7","2,8","2,5","2,6",2
Cantidad consumida media por persona,Agua mineral,"108,3",40,"108,8","42,5","98,6","39,9","94,7","36,7","90,4","31,5","95,1","32,6","90,1","31,9","86,7","31,4"
Cantidad consumida media por persona,Bebidas refrescantes con o sin gas,"37,3","36,1","37,7","39,1","35,7","36,9","36,3","33,2","34,9","34,5","37,3","37,5","39,9","40,3",41,"43,3"
Cantidad consumida media por persona,Bebidas energéticas,"1,1","0,7","1,1","1,1","0,9","0,6","0,7","0,5","0,7","0,5","0,7","0,7","0,9",1,"0,9",1
Cantidad consumida media por persona,Bebidas isotónicas,"2,3","2,4","1,9","1,8","1,7","1,4","1,6","2,4","1,9","2,5","2,1","2,7","2,3","2,6","2,2","2,1"
Cantidad consumida media por persona,Zumos de frutas y/o vegetales,"11,9","10,7","12,3","13,2","11,8","12,6","11,4","10,2","12,3","12,4","14,3","13,1","14,2","13,7","14,7","14,1"
Cantidad consumida media por persona,"Espirituosos, licores y similares. Licores sin alcohol","0,9",1,"1,1","1,3",1,"0,9","1,1","1,2",1,"0,9","1,1","1,1","1,2","1,2","1,1","1,1"
Cantidad consumida media por persona,Vinos de uva,"8,1","8,4","8,9","6,9","9,7","9,5","10,2","10,8","9,6","9,5","8,5","7,9","10,1","9,7","10,2","8,8"
Cantidad consumida media por persona,Otros vinos,"0,9","0,9","1,1","1,1",1,"0,8","1,1","0,8","0,9","0,8","0,9","0,8","0,8","0,7","0,7","0,7"
Cantidad consumida media por persona,Otras bebidas a base de vino,"1,3",2,"1,5","2,2","0,8",1,1,1,"0,9","1,1",1,"1,4",1,"1,3","1,1","1,9"
Cantidad consumida media por persona,Cerveza,"23,3","22,8","23,2","23,1","22,7","23,5",25,"24,5","20,5","21,6","21,7","21,9","21,4","22,7","21,2","21,7"
Cantidad consumida media por persona,Cerveza baja en alcohol o sin alcohol,2,"2,2","2,1","2,2","1,7","1,8",2,2,"1,7",2,"1,8","2,2","1,6","1,7","1,7","1,6"
Cantidad consumida media por persona,Bebidas a base de cerveza,"0,7","0,4","0,8","0,7","0,8","0,9","0,8","0,9","0,9","0,8","0,9","0,7","0,8","0,9","0,8","0,9"
Cantidad consumida media por persona,Cigarrillos,339,"272,2","366,7","295,2","408,8","345,7",415,"372,2",483,"466,3","509,3","420,6","545,9","557,9","558,2","527,7"
Cantidad consumida media por persona,Puros y pequeños cigarros,7,3,"6,1",0,"8,6","10,6","5,2","2,2","5,7","2,5","3,5","0,8",6,"4,1","5,5","5,9"
Cantidad consumida media por persona,Suministro de agua,"46,7",49,"51,1","59,1","66,1","86,4","58,4","66,8",58,"70,9","62,2","89,5","61,7",76,"58,9","66,6"
Cantidad consumida media por persona,Electricidad,"1098,8","1046,3","1288,3","1172,8","1185,6","1144,1",1134,"1184,7","1137,3","1063,3","1163,7","961,6","1152,5","1046,8","1146,6","1082,9"
Cantidad consumida media por persona,Gas ciudad y natural,"90,1","156,9","111,7","223,7",106,"203,9","98,9",213,"98,8","220,8","105,8","256,7","85,3","194,6","85,9","182,6"
Cantidad consumida media por persona,"Gas licuado (butano, propano, etc.)","14,7",6,"18,4","10,8","17,8","5,8","13,4","2,8","14,5","4,8","17,5","5,4","16,9","6,3",17,"5,6"
Cantidad consumida media por persona,Combustibles líquidos,30,17,"36,1","19,9","35,8","20,7","41,2","30,5","40,6","29,2","40,7","26,2","39,4",22,"40,5","18,7"
Cantidad consumida media por persona,Combustibles sólidos,40,"5,9","36,8","6,7","36,1","8,1","33,6",5,42,"13,8","45,4","5,6","43,1","6,3",48,"7,7"
Cantidad consumida media por persona,Gasóleo,"181,6","158,4","209,5","184,5","187,6","151,7","161,1","129,8","221,8","225,6","228,6","259,5","229,3","232,8",223,"221,4"
Cantidad consumida media por persona,Gasolina,189,219,"182,2",183,"171,7","171,1","146,6","152,7","196,7","223,1","194,7","201,5","203,1","211,9","190,4","201,1"
Cantidad consumida media por unidad de consumo,Arroz,"9,4","11,3",9,"10,2","8,4","8,1","8,1","7,8","8,4","8,4","7,7","7,9","7,8","9,4",8,"8,1"
Cantidad consumida media por unidad de consumo,Harinas y otros cereales,"5,9","4,1","4,7",3,"5,1","4,5","5,7","4,3","4,8","4,3","4,5","3,9","4,1","3,5","4,5",3
Cantidad consumida media por unidad de consumo,Pan,"51,5",47,"56,1","52,9","55,8","52,5","54,1",50,"57,1","50,7","58,4",51,60,"54,7","61,1","53,4"
Cantidad consumida media por unidad de consumo,Otros productos de panadería,"22,7","24,8","22,7","25,4","22,1","26,1",21,"23,4","22,4","25,7","22,4","23,4","22,7",24,23,"23,3"
Cantidad consumida media por unidad de consumo,Pizzas y quiches,"3,5","3,2","3,4","3,1",3,"2,6","3,2","3,1","3,2",3,"3,2",3,"3,3","2,9","3,5","3,2"
Cantidad consumida media por unidad de consumo,Pastas alimenticias y cuscús,"9,5","8,6","8,7","8,1","8,1","7,3","8,1","7,4",8,"7,6","7,9","7,6","7,9","7,7","8,4","7,6"
Cantidad consumida media por unidad de consumo,Cereales de desayuno,"2,5","2,9","2,4",3,"2,2","2,7","2,1","2,4","2,3","2,6","2,3","2,7","2,4","2,5","2,4","2,8"
Cantidad consumida media por unidad de consumo,Otros productos elaborados con cereales n.c.o.p.,"1,9","1,9","1,6","1,7","1,5","1,9","1,4","1,6","1,3","1,4","1,2","1,1","1,3","1,2","1,2","1,4"
Cantidad consumida media por unidad de consumo,Carne de vacuno,"7,2","9,6","7,3","8,6","7,9","8,7","7,5","9,5","7,5","9,2","7,5","9,1","7,4","8,7","7,6","8,8"
Cantidad consumida media por unidad de consumo,Carne de porcino,"13,4","11,9","12,1","9,5","11,9","10,1","11,7","9,8","11,9","9,8","11,9","10,1","11,8","9,1",12,"8,7"
Cantidad consumida media por unidad de consumo,Carne de ovino y caprino,"1,2","1,4","1,1","1,1","1,4","1,2","1,6","1,8","1,6","1,3","1,6","1,6","1,6","1,3","1,6","1,7"
Cantidad consumida media por unidad de consumo,Carne de ave,"22,4","22,7","21,1","22,1","20,8",22,"20,2","22,3","19,8","21,6",20,"21,7","19,8",22,"20,8","22,7"
Cantidad consumida media por unidad de consumo,Otras carnes,"1,1","1,1","1,1","0,9","1,3","0,9","1,5","1,2","1,4","0,9","1,3",1,"1,5","1,5","1,5","1,1"
Cantidad consumida media por unidad de consumo,Despojos y menudillos,"1,8","1,9","1,7","1,6","1,6","1,6","1,6","1,9","1,7","1,6","1,7","1,2","1,8","1,5","1,8","1,5"
Cantidad consumida media por unidad de consumo,"Charcutería y carne seca, salada o ahumada","21,3","20,4","21,2",21,"21,3","22,7","20,8","21,5",21,"21,7","21,2",22,"21,8","22,4","21,7",22
Cantidad consumida media por unidad de consumo,Carne procesada y otras preparaciones a base de carne,"6,2","5,5","5,9",5,"5,8","5,2","5,5","5,5","5,4","4,9","5,6","4,9","5,3","4,7","5,5","4,7"
Cantidad consumida media por unidad de consumo,Pescado fresco o refrigerado,11,"10,4","11,6","10,4","12,8","13,4",12,"12,7","11,3","12,1","11,5","11,4","11,8","12,6","12,6",13
Cantidad consumida media por unidad de consumo,Pescado congelado,"2,6","2,1","2,7","2,2","2,8","2,2","2,8","2,7","2,5",2,"2,6","2,1","2,4",2,"2,8","2,6"
Cantidad consumida media por unidad de consumo,Marisco fresco o refrigerado,"3,7","3,1","3,6","3,5","4,2","3,3","4,1","3,9","4,1","3,7","3,9","3,4",4,"3,8","4,5","4,5"
Cantidad consumida media por unidad de consumo,Marisco congelado,"1,7","1,1","1,7","1,6","1,7",1,"1,7","1,2","1,6","1,1","1,6",1,"1,7","0,9","1,6",1
Cantidad consumida media por unidad de consumo,"Pescado y marisco seco, ahumado o salado","0,8","0,8","0,8","0,9","0,8","0,7","0,8","0,7","0,7","0,8","0,8","0,7","0,7","0,6","0,8","0,8"
Cantidad consumida media por unidad de consumo,Pescado y marisco procesado y otras preparaciones de pescado y marisco,"8,2","7,7","8,4","9,5",8,"7,4","7,8","7,4","7,6","7,5","7,9","6,8","8,2","7,6",8,"7,5"
Cantidad consumida media por unidad de consumo,Leche entera,"38,4",39,"38,6","43,9","38,4","42,9","35,8","35,5","35,8","41,3","35,9","39,4","36,9","39,6","38,8","44,6"
Cantidad consumida media por unidad de consumo,Leche semidescremada y descremada,59,"64,1","62,5","68,7","65,8","68,3",65,"70,4",58,"58,9","58,7","58,3",61,"60,2","61,8","62,5"
Cantidad consumida media por unidad de consumo,Leche conservada,"0,4","0,4","0,5","0,4","0,5","0,3","0,5","0,3","0,5","0,3","0,5","0,5","0,5","0,4","0,6","0,5"
Cantidad consumida media por unidad de consumo,Yogures,"25,1","23,1","24,5","22,4",25,"21,7","23,4","22,6","23,5","21,7","23,9","21,7","25,1","22,7","25,1","23,4"
Cantidad consumida media por unidad de consumo,Queso,"12,1","11,1","11,4","11,4","10,6","10,6","10,1","9,4","9,6","9,1","9,4","8,4","9,6","8,9","9,4","8,4"
Cantidad consumida media por unidad de consumo,Otros productos a base de leche,"12,1","11,4","11,2","10,2","9,9",9,"9,7","9,2","9,5","8,6","10,1","8,8","10,7","9,5","10,9","9,3"
Cantidad consumida media por unidad de consumo,Huevos,"221,3","219,4","205,7","205,2","207,5","201,6","197,6","193,8","185,8","180,6","187,5","180,2","189,1","184,2","188,9","177,5"
Cantidad consumida media por unidad de consumo,Mantequilla y otras grasas animales,"0,8","0,7","0,7","0,6","0,7","0,7","0,7","0,7","0,6","0,6","0,6","0,6","0,6","0,5","0,6","0,6"
Cantidad consumida media por unidad de consumo,Margarina y otras grasas vegetales,1,"0,7","0,9","1,1","0,7","0,7","0,8","0,6","0,8","0,8","0,8","0,7","0,8","0,8","0,9","0,7"
Cantidad consumida media por unidad de consumo,Aceite de oliva,"11,6","10,3","13,2","10,9","12,8","10,8","12,2",12,"12,3","11,5","13,2","14,1","12,3","12,4","12,9","11,6"
Cantidad consumida media por unidad de consumo,Otros aceites,"6,5","4,7","4,6","3,4","5,2","3,2","4,6","2,7","4,8","3,6","5,1",3,"5,4","4,2","5,6","3,6"
Cantidad consumida media por unidad de consumo,Cítricos (frescos o refrigerados),"27,4",31,"29,9",33,"32,2","32,2","33,2","38,1",33,"38,4","36,3","41,6","36,6","42,1","37,1","42,1"
Cantidad consumida media por unidad de consumo,Platanos (frescos o refrigerados),"19,7","19,2","17,7","18,2","18,6","17,9","16,7","17,3","17,4","17,6","17,1","16,3","16,2","16,5","15,6","15,4"
Cantidad consumida media por unidad de consumo,Manzanas (frescas o refrigeradas),"12,2","10,7","12,3","11,8","12,5","11,2","12,6","12,7","12,6","12,3","12,8","12,8","13,2","13,1","13,1","12,7"
Cantidad consumida media por unidad de consumo,Peras (frescas o refrigeradas),"4,8","4,4",5,"5,6","5,5","5,4","5,3","5,6","5,5","5,6",6,"6,2","5,8","6,1","5,8","5,9"
Cantidad consumida media por unidad de consumo,Frutas con hueso (frescas o refrigeradas),"12,7","14,3","11,8","13,1","12,7","13,1","10,9","12,6",12,"13,3","12,1","12,7","12,1","12,6","11,9","11,7"
Cantidad consumida media por unidad de consumo,"Bayas (fresas, frambuesas, uvas, etc.) (frescas o refrigeradas)","6,1","5,7","6,2","6,4",6,"6,4","5,4","5,8","5,9","6,2","5,7","5,6",6,5,"5,4","5,6"
Cantidad consumida media por unidad de consumo,Otras frutas (frescas o refrigeradas),"26,2","27,2","26,1",25,"31,4","34,5","28,1","29,9",28,"31,5","28,5","29,8","28,1","31,2","27,9","29,8"
Cantidad consumida media por unidad de consumo,Frutos secos,"4,7","4,8","4,5","4,9","4,4","4,2","4,3","3,9","4,1","3,9","3,9","3,4","3,6","3,3","3,7","3,7"
Cantidad consumida media por unidad de consumo,"Frutas preparadas, en conserva y congeladas","1,5","1,2","1,4","1,4","1,3","1,3","1,4","1,7","1,3","1,3","1,3",1,"1,2","1,1","1,3","1,3"
Cantidad consumida media por unidad de consumo,Hortalizas de hoja o de tallo (frescas o refrigeradas),"8,2","7,1","8,6","7,9","8,5","7,2",9,"8,6","8,6","7,7","8,8","7,6","9,4","7,6","9,9","8,2"
Cantidad consumida media por unidad de consumo,Bolsas de mezcla de lechugas (frescas o refrigeradas),"1,1","1,1","1,1","1,1",1,"1,2",1,1,1,"1,5","1,1","1,3","1,1","1,3","1,1","1,3"
Cantidad consumida media por unidad de consumo,Coles (frescas o refrigeradas),"4,9","4,6","4,4","4,4","4,6","4,3","4,6",5,"4,2","4,5","4,1","3,7","4,4",4,"4,3","4,6"
Cantidad consumida media por unidad de consumo,"Hortalizas cultivadas por su fruto (tomates, judías verdes, calabacines, etc.) (frescas o refrigeradas)","31,8","33,2","32,8","34,1","34,8","33,8","34,5","36,6","32,1",35,"32,9","33,9","33,6","34,6","34,4","35,1"
Cantidad consumida media por unidad de consumo,Hortalizas con raíz o bulbo y setas (frescas o refrigeradas),"19,6","19,6","19,3","19,2","20,3","19,8","20,5","21,2","18,2","18,8","18,9","17,7","19,1","18,6","19,3",19
Cantidad consumida media por unidad de consumo,Legumbres y hortalizas secas,4,"4,3","3,6","4,3","3,6","4,3","3,9",5,"3,9","4,5","3,7","3,7","3,9",5,"3,8","3,8"
Cantidad consumida media por unidad de consumo,Legumbres y hortalizas procesadas y otras preparaciones a base de legumbres y hortalizas,"11,2","11,2","11,5","12,4","11,4","11,8","11,1","12,2",10,"10,4","9,9","9,7","10,2","10,8","10,3","9,4"
Cantidad consumida media por unidad de consumo,Legumbres y hortalizas congeladas,"3,7","2,9","3,1","2,6","3,3",3,"3,2","2,9","2,8","2,3","2,8","2,9",3,"2,7","2,9","2,4"
Cantidad consumida media por unidad de consumo,Aceitunas,"2,4","2,2","2,2","2,3","2,1","2,3","2,1","2,1",2,"1,9","2,1","1,9",2,"1,7",2,2
Cantidad consumida media por unidad de consumo,Patatas,"32,6","27,3","30,8","27,3","31,5","25,1","33,1","30,3","31,5","27,2","32,5","29,2","35,8","31,7","35,4","29,8"
Cantidad consumida media por unidad de consumo,Snacks,"5,1","5,4","4,3",5,"3,8","4,6","4,2","4,9","3,7","3,7","3,6","3,9","3,6","3,7","3,3","3,4"
Cantidad consumida media por unidad de consumo,"Productos derivados de las patatas, mandioca y otros tubérculos","0,7","0,8","0,6","0,6","0,6","0,8","0,5","0,5","0,5","0,6","0,5","0,4","0,4","0,6","0,4","0,6"
Cantidad consumida media por unidad de consumo,Azúcar,"4,9",4,"4,4","3,8","4,8","3,8","5,2","4,2","4,9","4,5","5,2","4,1","5,5","4,7","5,7","4,9"
Cantidad consumida media por unidad de consumo,"Confitura, mermelada y miel","2,7","2,7","2,5","2,9","2,4","2,6","2,5","2,4","2,4","2,7","2,5","2,8","2,4","2,4","2,3","2,4"
Cantidad consumida media por unidad de consumo,Chocolate,"3,6",3,"3,6","3,2","3,5","3,6","3,4","3,1","3,4","3,1","3,3","2,7","3,5","3,2","3,3",3
Cantidad consumida media por unidad de consumo,Helados,"5,5","4,3","5,2","5,1","4,4","3,7","4,5","4,2","4,4","4,4","4,2",4,"4,3",4,"4,4","3,8"
Cantidad consumida media por unidad de consumo,Edulcorantes,64,"76,4","84,7","73,1","64,8","60,1",70,"79,2","60,9","53,8","66,1","66,7","71,4","70,4","69,1","97,2"
Cantidad consumida media por unidad de consumo,"Café, no en cápsulas",3,"3,3","2,8","2,7","2,5","2,3","2,4","2,8","2,6","2,5","2,3","2,3","2,8","2,5","2,4","2,6"
Cantidad consumida media por unidad de consumo,Café en cápsulas,90,"77,3","98,8","98,3","103,2","73,3","89,3","90,6",76,"67,8","78,6","70,6","69,4","66,3","63,2","60,1"
Cantidad consumida media por unidad de consumo,Té e infusiones,"222,9","187,6","226,2","205,8","235,9","226,8","255,6","300,6","236,2","160,4","248,1","188,3","270,7","274,6","290,5","313,5"
Cantidad consumida media por unidad de consumo,Bebidas de cacao y chocolate en polvo,"2,9","2,4","3,6","3,3","3,7","2,9","3,4","2,5","3,9","2,7","4,3",4,"4,2","3,7","3,9","2,9"
Cantidad consumida media por unidad de consumo,Agua mineral,"159,8","59,5","160,5","63,3","145,7","59,5","140,2","54,6",134,"46,9",141,"48,4","133,7","47,4","128,8","46,6"
Cantidad consumida media por unidad de consumo,Bebidas refrescantes con o sin gas,55,"53,7","55,6","58,2","52,7","54,9","53,7","49,4","51,8","51,3","55,2","55,7","59,3","59,8","60,9","64,3"
Cantidad consumida media por unidad de consumo,Bebidas energéticas,"1,6",1,"1,6","1,7","1,3","0,9","1,1","0,8",1,"0,7",1,1,"1,4","1,5","1,3","1,5"
Cantidad consumida media por unidad de consumo,Bebidas isotónicas,"3,4","3,6","2,8","2,7","2,5","2,1","2,4","3,6","2,8","3,8","3,1","3,9","3,5","3,8","3,3","3,1"
Cantidad consumida media por unidad de consumo,Zumos de frutas y/o vegetales,"17,5","15,9","18,1","19,6","17,4","18,8","16,9","15,2","18,2","18,5","21,2","19,4","21,1","20,4","21,8",21
Cantidad consumida media por unidad de consumo,"Espirituosos, licores y similares. Licores sin alcohol","1,4","1,5","1,6",2,"1,5","1,3","1,6","1,7","1,5","1,3","1,6","1,7","1,7","1,7","1,6","1,7"
Cantidad consumida media por unidad de consumo,Vinos de uva,"11,9","12,4","13,1","10,3","14,3","14,1","15,1","16,1","14,2","14,1","12,6","11,7","14,9","14,4","15,2","13,1"
Cantidad consumida media por unidad de consumo,Otros vinos,"1,3","1,3","1,6","1,6","1,5","1,3","1,6","1,1","1,3","1,2","1,3","1,2","1,2",1,1,"1,1"
Cantidad consumida media por unidad de consumo,Otras bebidas a base de vino,2,3,"2,3","3,3","1,2","1,5","1,5","1,4","1,4","1,7","1,4",2,"1,5","1,9","1,6","2,8"
Cantidad consumida media por unidad de consumo,Cerveza,"34,4",34,"34,2","34,4","33,5",35,"37,1","36,4","30,4","32,1","32,2","32,5","31,8","33,7","31,5","32,2"
Cantidad consumida media por unidad de consumo,Cerveza baja en alcohol o sin alcohol,3,"3,3","3,1","3,3","2,5","2,7","2,9",3,"2,5",3,"2,7","3,2","2,3","2,5","2,6","2,4"
Cantidad consumida media por unidad de consumo,Bebidas a base de cerveza,1,"0,6","1,1",1,"1,2","1,4","1,2","1,3","1,4","1,2","1,3",1,"1,2","1,3","1,2","1,4"
Cantidad consumida media por unidad de consumo,Cigarrillos,"500,2","405,1","540,9","439,5","604,1","515,4","614,3","554,3","715,7","693,7","754,9","624,5",810,"829,1",829,784
Cantidad consumida media por unidad de consumo,Puros y pequeños cigarros,"10,4","4,5",9,0,"12,7","15,9","7,7","3,3","8,4","3,8","5,1","1,1","8,8","6,2","8,1","8,8"
Cantidad consumida media por unidad de consumo,Suministro de agua,"68,9","72,9","75,4",88,"97,7","128,9","86,5","99,4","85,9","105,4","92,1","132,9","91,6","112,9","87,4",99
Cantidad consumida media por unidad de consumo,Electricidad,"1621,1","1556,9","1900,1","1745,8","1752,1","1705,7","1678,6","1764,3","1685,3","1581,8","1724,7","1427,7",1710,"1555,8",1703,"1608,7"
Cantidad consumida media por unidad de consumo,Gas ciudad y natural,"132,9","233,5","164,8",333,"156,7",304,"146,4","317,2","146,5","328,5","156,8","381,1","126,6","289,2","127,6","271,3"
Cantidad consumida media por unidad de consumo,"Gas licuado (butano, propano, etc.)","21,7","8,9","27,1",16,"26,3","8,6","19,9","4,2","21,5","7,1","25,9",8,25,"9,4","25,2","8,3"
Cantidad consumida media por unidad de consumo,Combustibles líquidos,"44,2","25,3","53,3","29,6",53,"30,8",61,"45,4","60,2","43,4","60,3","38,8","58,5","32,8","60,2","27,8"
Cantidad consumida media por unidad de consumo,Combustibles sólidos,59,"8,7","54,3","9,9","53,3",12,"49,8","7,4","62,2","20,6","67,4","8,3","63,9","9,4","71,4","11,5"
Cantidad consumida media por unidad de consumo,Gasóleo,268,"235,7","308,9","274,6","277,2","226,2","238,5","193,3","328,6","335,7","338,8","385,3","340,3",346,"331,3","328,8"
Cantidad consumida media por unidad de consumo,Gasolina,"278,9","325,9","268,8","272,5","253,7","255,2","217,1","227,4","291,5","331,9","288,6","299,1","301,4","314,9","282,8","298,8"
Gasto total,Arroz,"547949,6",89388,"467726,2","70199,9","396344,1","55898,5","390099,9",55240,"387414,2",54029,"350443,6","46744,7","350455,6",53300,"353375,8","44575,1"
Gasto total,Harinas y otros cereales,"256938,3","29561,5","226379,9","23580,9","176397,4","19469,9","229668,9","26300,1",179144,25756,"154046,4",18314,"139549,9","16207,1","156040,5","13868,4"
Gasto total,Pan,"5376961,8","611907,5","5455263,5",627635,"5094603,1","576884,2","4865598,9","558769,6","5022631,7","527689,7","4814382,4","504005,6","4675777,6","496761,2","4864199,4","494673,2"
Gasto total,Otros productos de panadería,"5078943,5","780987,1",4622792,"724791,2","4010751,3","627816,6","3649356,8","555896,2","3900936,3","613230,6","3726217,8","553036,7","3565923,9",529995,"3752979,5","540431,9"
Gasto total,Pizzas y quiches,922147,113686,"843909,2","106310,8","733812,9","83998,4","758889,3",97392,"707207,6","90002,7","668263,5","87029,9","665613,7","78653,2","729889,1","92081,4"
Gasto total,Pastas alimenticias y cuscús,"975632,5","125272,1","880259,2","121451,6",733809,"86334,2","691431,9","85397,1",650768,"87856,8","608247,1","79647,5","589469,8","77059,2","619458,4","79589,2"
Gasto total,Cereales de desayuno,500706,"73687,3",448525,"74729,1","411180,3","67132,4","395671,9",58562,"401893,1","58533,5","387212,2","61856,2","385110,9","54120,3",404332,"58593,5"
Gasto total,Otros productos elaborados con cereales n.c.o.p.,"406951,5","61249,4","344839,7","50343,6","326332,8","53275,2","311068,1","43465,4","265234,4","36968,8","236220,7","28301,5","237086,9","30614,8","230393,4","34012,1"
Gasto total,Carne de vacuno,"3069091,7","562338,2","2961058,2",509325,2990884,"483713,6","2888394,6",500041,"2661976,1","458609,7","2626641,9","437262,6","2498783,8","414613,5","2539257,2","400209,8"
Gasto total,Carne de porcino,3558131,"460639,6",3032212,"334222,6","2908701,4",348021,"2817974,5","339364,6","2654885,5","307173,7","2542085,5","305950,7","2356150,4","260423,9","2350293,7","244132,2"
Gasto total,Carne de ovino y caprino,"657858,3","110598,6","655433,9","78985,8","728433,5","92242,8","744994,9","104443,6","661757,4","72889,1","676458,5","81672,7","644644,3","74431,5","655631,5","82099,5"
Gasto total,Carne de ave,"4531637,6","632792,8","4128193,7","599818,4","3794569,3","546222,6","3631591,7",551428,"3373377,3","490317,4","3276824,2","485101,5","3047758,6","452147,3","3104446,6","452228,6"
Gasto total,Otras carnes,"315830,4","37823,7","297991,1","32203,9","328269,1","28960,2","326875,8","26335,6","311536,9","25510,8","282306,9","23527,4","298959,9","25153,3",309889,"24669,5"
Gasto total,Despojos y menudillos,"314954,2","45324,5","323885,7","47534,8","287077,6","44522,1","295834,7","41031,7","275860,3","32339,4","252820,3","27073,7","253338,5","29462,7",260885,"29947,3"
Gasto total,"Charcutería y carne seca, salada o ahumada","8394356,5","1115270,8","7833354,2","1068998,5",7970258,"1172416,2",7763579,"1159853,3","7169280,1","1038417,1","6930987,4","1059317,7","6546209,7",959611,"6605669,6","935370,3"
Gasto total,Carne procesada y otras preparaciones a base de carne,"1850023,2","221143,5","1706928,8","201538,5","1651772,5","191265,2","1558043,5","203684,2","1408042,5","164431,8","1400350,9","165532,9","1204214,8","136535,5","1273963,6","142467,8"
Gasto total,Pescado fresco o refrigerado,"3960897,2","545027,8",3958973,"531421,1","4229679,5","610463,8","3843578,4","598989,5",3456931,"521334,3",3508044,"506577,8","3495194,4","546538,8","3600074,8","534218,3"
Gasto total,Pescado congelado,"939774,2","107843,7","945164,9",107277,"943057,4","103762,9","914689,7","118015,8",729136,"82274,3","739629,1","83016,5","666123,2","71245,5","730021,6",95619
Gasto total,Marisco fresco o refrigerado,"1387635,5","172749,6","1324900,9","206045,6","1440489,7","159449,7","1405062,2","193115,3","1257421,4",166269,"1168231,1","148806,5","1163199,2","157868,2","1226655,1","172805,2"
Gasto total,Marisco congelado,"708405,2",70985,"669007,1","87932,7","708223,5","61780,6","647815,8","55840,7","603398,3","58934,9","555925,8","49960,2","561112,4","40015,2","542126,7","50697,4"
Gasto total,"Pescado y marisco seco, ahumado o salado","651198,6","96279,9","610486,2",97878,"597639,7","74395,4","536962,3","61878,8","485338,4","70264,1","487649,3","68623,3","426838,3","51980,1","484513,6","64621,1"
Gasto total,Pescado y marisco procesado y otras preparaciones de pescado y marisco,"3483171,9","479732,3","3406327,7","540003,3","3240617,9","416766,5",3058503,420895,"2724992,6",396812,"2714487,7","345413,5",2609357,"347415,4","2557566,5","343317,9"
Gasto total,Leche entera,"1308879,8","191764,8","1130749,2","186421,3","948635,9","147992,6","893126,2","128752,9","883453,5","143838,8","883219,9","137424,4","911033,2","139867,7","951812,5","150899,3"
Gasto total,Leche semidescremada y descremada,"1970397,8","300757,1","1784433,5","277270,7",1581029,"230447,5","1575760,9","244049,6","1365698,8","195867,4","1383674,5","196179,5","1433792,5",202278,"1462921,2",208069
Gasto total,Leche conservada,75033,"11670,1","63766,9","6407,8","64422,9","5345,3","64993,2","5303,9","59615,9","5904,4","64740,3","7486,3","60487,7","5070,2","68346,7","7629,4"
Gasto total,Yogures,"2408169,9","331448,3","2191849,2",300834,"2028126,3","261828,7","1949184,8","272031,3","1834160,4","245842,7","1826043,2","239103,4","1896132,3","249786,2","1932477,5",254876
Gasto total,Queso,"4457064,9","565226,9","3919517,2",542366,"3696825,1",506847,"3379895,8","453215,9",3007897,"392423,6","2854047,3",371784,"2889507,7","380058,5","2802404,6","354475,4"
Gasto total,Otros productos a base de leche,"1187669,3","150703,1",1045931,"141487,9","901632,8","114352,3","882873,9","118126,5","789771,9","93924,8","828561,7","99106,7","860449,7","106051,8","875495,6","103366,5"
Gasto total,Huevos,1521337,"211475,6","1291446,3","179750,2","1081108,6","147086,8","1009654,9","149051,2","923340,6","126966,9","908880,6","121634,6","866640,1","114089,8","853967,8","107309,2"
Gasto total,Mantequilla y otras grasas animales,"215919,1",27030,"191361,3","24834,2","163554,5","22424,7","182730,7","21889,3","149306,1","18812,7","148892,2","19854,6","122022,2","15302,2","109332,4","14381,8"
Gasto total,Margarina y otras grasas vegetales,"175403,2","19270,3","143736,2","22337,4","106519,3","14837,1","107844,6","11012,9","111452,5","13752,6","107028,4","12160,3","103495,1","14562,2",114295,12094
Gasto total,Aceite de oliva,"2335043,8","303854,5",1859118,"220849,4","1464416,8","172246,4","1233824,6","174389,4","1323742,6","177224,1","1650266,8",242248,"1599264,5","220311,4","1519970,6","187844,8"
Gasto total,Otros aceites,"376018,2","39278,9",381383,"38997,7","251266,8","22048,5","204428,9","18219,7","210113,7",23181,"209428,3","16751,6","205068,5","21474,2","231151,4","20442,7"
Gasto total,Cítricos (frescos o refrigerados),1598566,"266504,2","1538741,9","247101,3","1575235,5","237056,3","1639975,7","266416,8","1357677,2","221140,7","1514690,4","246374,2","1440478,3","237323,6","1466283,4","241579,7"
Gasto total,Platanos (frescos o refrigerados),"1147657,2","165172,4","1248844,4","181837,4","1074332,2","156273,5","997646,2","147318,8","1008053,2","146750,9","984861,6","135262,2","850254,2","127293,3",776946,"111774,5"
Gasto total,Manzanas (frescas o refrigeradas),757410,"101252,4","742912,6","105060,7","738831,7","97322,3","714018,5","104898,7","662903,8","91631,3","710152,7","105400,3","640011,5","92184,4",622446,"86804,1"
Gasto total,Peras (frescas o refrigeradas),"352975,7","46464,5",353089,"54089,9","357733,7","50726,7","350695,8","48884,6","316582,1","44575,9","342732,2","51702,9",316438,"45797,7","300429,8","42684,6"
Gasto total,Frutas con hueso (frescas o refrigeradas),"1530785,1",246453,"1440413,9","227302,8",1403627,"210630,7",1183495,"192913,3","1124772,2","179798,5","1062287,5","152779,4","969112,6","147200,3","931885,2","137460,2"
Gasto total,"Bayas (fresas, frambuesas, uvas, etc.) (frescas o refrigeradas)","1066811,5","147420,6","1047470,9","155779,7","912465,5","128499,8","782619,7","102433,1","715875,3",100541,646326,"80623,1","600202,7","74604,1","512533,8","69935,4"
Gasto total,Otras frutas (frescas o refrigeradas),"1715645,4","260941,9","1723828,3",242633,"1680166,5","250767,4","1575985,9","241959,3","1441590,5","235354,6","1409614,2","216245,4","1316384,3","202925,3","1266659,9","194250,6"
Gasto total,Frutos secos,"1628213,8","239540,9","1624290,4","243380,2",1682263,"218180,6","1567590,1","199111,6","1426091,3","188650,5","1330781,4","167774,6","1185059,8","155867,5","1172174,7","162762,6"
Gasto total,"Frutas preparadas, en conserva y congeladas","247826,1","31225,8","244135,3","34735,1","214390,1","34381,6","208751,6","29902,8","189692,9","24248,6","188620,2","16241,4",171776,"17503,7","171503,4","18079,2"
Gasto total,Hortalizas de hoja o de tallo (frescas o refrigeradas),"779605,1","101582,2","768426,4","101218,4","760253,6",96521,"779557,6","108368,7","667752,9","85885,3","662260,5","84396,8","665802,4","81119,6","668243,4","84782,4"
Gasto total,Bolsas de mezcla de lechugas (frescas o refrigeradas),"253214,7",33200,"252492,8",35561,258042,"40266,9","256160,3","30920,4","245301,5","38654,3","247425,2","35945,7","254867,6",38512,"258539,7","36717,4"
Gasto total,Coles (frescas o refrigeradas),"345299,7","49325,5","301824,2","43797,5","310378,4","40720,3","323129,2","48075,2","259402,6","37165,8","234268,2","31125,7","244629,5",31977,"238599,1","34353,8"
Gasto total,"Hortalizas cultivadas por su fruto (tomates, judías verdes, calabacines, etc.) (frescas o refrigeradas)","2634706,7","386664,8","2557096,8","368816,3","2373273,5","313050,3","2331008,9","349323,1","2040196,4","301527,6","1989864,2","285248,3","1987996,1","283061,2","1877013,8","265110,4"
Gasto total,Hortalizas con raíz o bulbo y setas (frescas o refrigeradas),"1639749,9","224396,6","1470184,5","204248,6","1466105,8","196410,5","1427717,4","207544,7","1205761,5","172672,5",1136001,"151290,1","1073901,5","147200,4",1078877,"147968,3"
Gasto total,Legumbres y hortalizas secas,"371620,6","49600,3","338130,8","54555,3","314521,9",46200,"335756,5","52804,3","333505,6","46153,7","300202,5","37669,4","301661,2","50651,8","292956,7","34998,3"
Gasto total,Legumbres y hortalizas procesadas y otras preparaciones a base de legumbres y hortalizas,"1553572,4","227824,7","1513661,8","231966,8","1434048,6","196661,7",1427699,"223202,1","1196205,3",176230,"1146925,8","154296,6","1131311,2",163644,"1125169,6","144793,5"
Gasto total,Legumbres y hortalizas congeladas,"352184,1","41115,9","301224,2","34197,5","282421,2","34239,2","281600,2","33671,6","233095,5","25037,6","235803,3","33999,6","240125,8","27604,1","232059,8","25809,6"
Gasto total,Aceitunas,"553675,1","67375,8","508002,1","68830,6","480931,8","65846,7",489820,"61730,5","405153,3","50203,7",403545,"47511,6","372673,2","44256,9","375394,9","43511,4"
Gasto total,Patatas,"1449711,2","173672,8","1182114,6","153685,4","1087304,8","125811,5","1130768,4","150047,3","1043005,8","124924,1","908099,5","112711,9","933970,2","112906,8","944071,9","114036,3"
Gasto total,Snacks,"1445128,6",200317,"1278181,4","187470,2","1085977,2","163145,8","1087628,1","155923,7","885922,3","119933,9","861647,9",126988,"816458,4","113189,4","743600,8","98863,6"
Gasto total,"Productos derivados de las patatas, mandioca y otros tubérculos","77551,2","11677,3","68249,9","8388,8","62701,5","9155,9","52134,3","5891,9","53518,4","6300,2","44402,1","5665,1",38964,"5959,7",35592,"5435,3"
Gasto total,Azúcar,"244104,9","29191,7","177080,7","23327,5","161129,2",17970,"178430,2","21823,1","157021,2","22485,9",161941,"18530,6","166239,6","21165,6","170811,3","21049,2"
Gasto total,"Confitura, mermelada y miel","469700,6","66358,4","440683,2","70177,7","402844,1","62163,9","424823,8","55290,6","357493,8","49586,9","354785,3","56180,1","343872,4","49244,5","349011,3","48746,7"
Gasto total,Chocolate,"1365814,9","168008,8","1328039,8","167344,1","1314458,8","166978,2","1221884,3","154780,5","1128072,9","147395,9","1030677,8","119502,9","1076633,2","136828,4","1027014,1","133442,3"
Gasto total,Helados,"939139,8","112830,4",821266,"113070,1","690907,8","82609,2","710403,2","93238,9","653777,2",88026,"626646,3","89308,3","605330,5","82732,3","604185,6","77944,2"
Gasto total,Edulcorantes,"52958,8","10881,3","54025,7","7377,9","50089,5","6604,2","52407,6",8552,"48149,4","7405,1","46655,9","6333,8","48549,2",7018,"49206,4","7630,1"
Gasto total,"Café, no en cápsulas","970244,4","145224,7","874855,3",120604,"777077,3","104731,3",732023,"112662,1","656715,2","95582,2",655536,"87146,8","625988,4","85633,2","661485,5","91453,9"
Gasto total,Café en cápsulas,"770605,9",91909,"868316,6","134488,5","887911,2","93038,1","746769,7","107355,8","638104,6","81331,9","673505,5","85777,4","580075,9","81585,7","551690,7","71352,1"
Gasto total,Té e infusiones,"292723,1","45655,8","261852,8","38048,9",266856,"41941,4","269415,9","52969,4","216482,1","30717,3","214581,6",28466,"197585,8","30036,8","208908,9","36069,1"
Gasto total,Bebidas de cacao y chocolate en polvo,"393462,4","48511,1",411548,"52957,4","383987,6","41641,6","369544,5","39310,6","373655,9",38728,"405508,4","49450,3","393882,9","46009,4","372743,1","38971,5"
Gasto total,Agua mineral,"1565379,9","106947,8","1450399,1","110451,7","1229200,6","97710,6","1218066,2","95831,3","1175268,7","82100,4","1232669,7","84808,9","1136983,4","82823,2","1083847,4","77984,6"
Gasto total,Bebidas refrescantes con o sin gas,"2040507,6","298871,2",1975991,"306530,1","1778976,8","285499,8","1694647,6","245092,7","1592073,2","248334,6","1626557,4","247639,7","1666376,8","253839,4","1700330,1","261182,3"
Gasto total,Bebidas energéticas,"134392,9","14072,3","116528,7",19711,"98619,6","11337,7","78818,6","7617,8","69718,6","7670,6","65453,7","9458,5",83103,"14256,4","76977,9","11733,2"
Gasto total,Bebidas isotónicas,"166562,1","26417,4","141915,1","19656,2",123837,"14618,6","107703,4","21369,3",120300,"19310,9","135117,6","21644,7","144245,2","21608,1","134306,2","17245,2"
Gasto total,Zumos de frutas y/o vegetales,"778883,8","107919,7","755811,4","121182,6",676196,"106975,3","636739,4","87369,2","674022,9","102884,5","775939,2","106634,7","745811,3","105981,1","722749,1","97694,7"
Gasto total,"Espirituosos, licores y similares. Licores sin alcohol","567554,7","96752,5","667500,5",139042,"623954,5","78866,5","616508,9","89766,5","590951,4","76815,4","572330,9","92411,5","585302,2","85566,2","556461,1","86804,7"
Gasto total,Vinos de uva,"1616755,5","244216,3","1660577,6","210874,6",1755848,"248093,7","1826464,1","327767,2","1609566,8","257072,5","1374920,4","208821,6","1414710,8","231856,3","1372576,5","188861,8"
Gasto total,Otros vinos,"187561,7","22982,2","204612,6",24372,"184933,7",21522,"199358,9",18891,"151530,3","19147,6",141770,"18464,8","128560,1","15748,8","108143,9","18307,2"
Gasto total,Otras bebidas a base de vino,"91304,4","18620,6","89927,5","19326,2","44556,6","8434,1","60923,4","7449,2","49425,7","8690,8",48261,"9453,1","47610,7","7837,3","47299,3","10675,8"
Gasto total,Cerveza,"1923664,8","277213,6","1776029,7","278778,7",1616081,"256162,5","1729638,2","273725,1","1385338,6","229188,1","1347592,3","217860,8","1310699,8","212047,3","1269736,4","200124,8"
Gasto total,Cerveza baja en alcohol o sin alcohol,"169188,5","28699,7","154555,9","25907,3","124649,4","19570,1","137862,3","21326,6",110161,"19216,1",113857,19937,"92554,6","14227,7","96383,2","13902,4"
Gasto total,Bebidas a base de cerveza,"60474,3","5401,6","63324,4","7795,5","62523,8","10062,1","60972,2","8340,8","62418,2","7398,9","61582,5","6939,9","55782,9","7781,6","53481,9","8359,3"
Gasto total,Cigarrillos,"3944014,1","464604,1",4044704,"475616,2","4365591,3","519737,7","4401526,2","572151,9","5108426,5","713951,4","5354427,9","625851,3","5657900,4","820921,2","5721552,8","753016,8"
Gasto total,Puros y pequeños cigarros,"115042,3","18598,4","99307,4",0,"133573,3","28455,9","75524,8","6789,6","100841,4","19989,9","71077,7","12537,7","99473,6","9817,1",86714,"10450,7"
Gasto total,Suministro de agua,"3608675,3","672431,2","3645437,7",682871,"3684208,1","634883,5","3611380,3","660451,4",3427769,"653082,8","3406960,4","622052,8","3465479,5","643124,6","3312591,6","612069,3"
Gasto total,Electricidad,"16091847,2","2108148,9","18637562,5","2439546,9",15487670,"2121713,1","14823015,1","2094400,7","14952273,2","2067098,4","14787283,2","1932401,1","13809079,5","1859903,1",13072246,1758426
Gasto total,Gas ciudad y natural,"5026586,6","1296164,1","5101051,5","1378083,6","4444387,3","1216580,6","4414535,6","1292120,1","4413778,7","1314984,2",4441871,1269996,"4059009,5","1229527,5","3917104,5","1144437,6"
Gasto total,"Gas licuado (butano, propano, etc.)","972310,9","48806,7","1219271,9","101968,2","984978,6","47213,7","685838,7","18595,8","801603,2","38920,7","962669,5","42319,6","859935,9","45030,4","836456,7",37277
Gasto total,Combustibles líquidos,"1637815,1","123357,6","1574301,9","111388,9","1274501,9",110710,"1501964,3","167439,1","1556686,3",159508,"1456349,4","135082,3","1304183,3","111275,3",1322040,"89702,7"
Gasto total,Combustibles sólidos,"367031,1","13398,6",335123,"12098,8","293906,4","16843,9","283023,1","10171,8","353101,8","18593,8","324300,3","9566,2","282540,8","8188,4","306073,2","9347,9"
Gasto total,Gasóleo,"12224228,9","1508286,6","14652593,1","1792668,8","10699593,7","1256978,9","8248069,9","968826,9","12459667,4","1827092,1","12548625,2","2005743,1","11602735,3","1643985,8","10401617,2",1439173
Gasto total,Gasolina,"13230687,4","2192260,7","12464444,9","1832848,4",10374849,1520464,"8023769,6","1216729,4","11469769,2","1891328,1","11138279,9","1644413,5","10932709,8","1597339,2","9687295,8","1420731,3"
Valor unitario,Arroz,"1,8","1,7","1,6","1,5","1,5","1,6","1,5","1,6","1,5","1,4","1,5","1,3","1,5","1,3","1,4","1,3"
Valor unitario,Harinas y otros cereales,"1,3","1,5","1,5","1,7","1,1",1,"1,3","1,3","1,2","1,3","1,1","1,1","1,1","1,1","1,1","1,1"
Valor unitario,Pan,"3,2","2,8","3,1","2,6","2,9","2,5","2,8","2,5","2,8","2,3","2,6","2,3","2,5","2,1","2,6","2,2"
Valor unitario,Otros productos de panadería,"6,9","6,8","6,4","6,3","5,7","5,4","5,5","5,3","5,5","5,4","5,3","5,4","5,1","5,1","5,3","5,4"
Valor unitario,Pizzas y quiches,"8,1","7,7","7,9","7,5","7,7","7,3","7,6","7,1","7,1","6,8","6,8","6,5","6,5","6,4","6,8","6,7"
Valor unitario,Pastas alimenticias y cuscús,"3,1","3,1","3,2","3,3","2,9","2,6","2,7","2,6","2,6","2,6","2,5","2,4","2,4","2,3","2,4","2,5"
Valor unitario,Cereales de desayuno,6,"5,6","5,9","5,4",6,"5,6",6,"5,3","5,7","5,1","5,4","5,2","5,2",5,"5,5","4,9"
Valor unitario,Otros productos elaborados con cereales n.c.o.p.,"6,6","6,9","6,8","6,6","6,8","6,3","6,9","6,2","6,4",6,"6,1","5,6","5,8","5,8","6,1","5,8"
Valor unitario,Carne de vacuno,"13,1","12,6","12,7","13,1",12,"12,4","12,2","11,8","11,3","11,2","11,2","10,9","10,8",11,"10,8","10,6"
Valor unitario,Carne de porcino,"8,1","8,3","7,9","7,8","7,7","7,8","7,6","7,7","7,1","7,1","6,9","6,9","6,4","6,6","6,3","6,5"
Valor unitario,Carne de ovino y caprino,"17,5","17,5","18,4",16,"16,2",17,"15,1","12,7","13,1","12,2","13,5","11,8","12,8","13,2","12,9","11,6"
Valor unitario,Carne de ave,"6,2",6,"6,1",6,"5,8","5,6","5,7","5,5","5,4","5,1","5,2","5,1",5,"4,7","4,8","4,6"
Valor unitario,Otras carnes,"8,6","7,6","8,8","7,9","8,1","7,4",7,"4,9","7,3","6,1",7,"5,3","6,3","3,9","6,7","5,1"
Valor unitario,Despojos y menudillos,"5,3","5,1","5,9","6,5","5,8","6,4","5,7","4,8","5,1","4,5","4,8","4,9","4,6","4,7","4,7","4,7"
Valor unitario,"Charcutería y carne seca, salada o ahumada","12,1","11,8","11,6","11,3","11,8","11,6","11,8",12,"10,9","10,8","10,5",11,"9,7","9,9","9,8","9,9"
Valor unitario,Carne procesada y otras preparaciones a base de carne,"9,1","8,7","9,1","8,9",9,"8,3","8,9","8,3","8,3","7,6","7,9","7,7","7,3","6,7","7,6","7,1"
Valor unitario,Pescado fresco o refrigerado,"11,1","11,3","10,7","11,3","10,4","10,2","10,1","10,5","9,7","9,7","9,8","10,2","9,6","10,1","9,2","9,6"
Valor unitario,Pescado congelado,11,"10,9","10,8","10,8","10,5","10,6","10,3","9,9","9,4","9,1","9,2",9,"8,8","8,4","8,4","8,7"
Valor unitario,Marisco fresco o refrigerado,"11,5","11,9","11,5",13,"10,8","10,9","10,9","11,1","9,9","10,1","9,6","10,1","9,3","9,7","8,9",9
Valor unitario,Marisco congelado,"12,6","13,6","12,5","12,4","12,8","14,4","12,1","10,5","11,6","12,4","11,3","10,9","10,8","10,1","10,7","11,8"
Valor unitario,"Pescado y marisco seco, ahumado o salado","26,3","27,3",24,"24,5","24,6","24,8","22,5","20,6","20,8","20,9","20,6","21,6","19,8",20,"18,5",19
Valor unitario,Pescado y marisco procesado y otras preparaciones de pescado y marisco,"13,1","13,5","12,8","12,6","12,8","12,6","12,4","12,7","11,4","11,9",11,"11,6","10,3","10,5","10,4","10,7"
Valor unitario,Leche entera,1,"1,1","0,9","0,9","0,8","0,8","0,8","0,8","0,8","0,8","0,8","0,8","0,8","0,8","0,8","0,8"
Valor unitario,Leche semidescremada y descremada,1,1,"0,9","0,9","0,8","0,8","0,8","0,8","0,8","0,7","0,8","0,8","0,8","0,8","0,8","0,8"
Valor unitario,Leche conservada,"5,6","5,7","4,4","3,6","4,2","4,3","4,2","3,5",4,"3,9","3,8","3,6","3,6","2,7","3,8","3,9"
Valor unitario,Yogures,"2,9","3,1","2,8",3,"2,6","2,7","2,6","2,7","2,5","2,5","2,5","2,5","2,4","2,5","2,5","2,5"
Valor unitario,Queso,"11,3",11,"10,8","10,5",11,"10,7","10,6","10,7","9,9","9,7","9,7","10,1","9,7","9,9","9,7","9,8"
Valor unitario,Otros productos a base de leche,3,"2,9","2,9","3,1","2,9","2,8","2,9","2,9","2,6","2,5","2,6","2,6","2,6","2,6","2,6","2,6"
Valor unitario,Huevos,"0,2","0,2","0,2","0,2","0,2","0,2","0,2","0,2","0,2","0,2","0,2","0,2","0,1","0,1","0,1","0,1"
Valor unitario,Mantequilla y otras grasas animales,"8,6","8,4","8,5","8,6","7,9","7,4","7,8","7,2","7,6","7,3","7,4","7,1","6,5","6,5","6,2","5,9"
Valor unitario,Margarina y otras grasas vegetales,"5,7","5,9","5,2","4,4",5,"4,9","4,5","3,9","4,3","4,1","4,3","4,2","4,4","4,4","4,2","4,1"
Valor unitario,Aceite de oliva,"6,2","6,3","4,4","4,5","3,6","3,6","3,2","3,2","3,4","3,5",4,"3,9","4,2","4,1","3,8","3,8"
Valor unitario,Otros aceites,"1,8","1,8","2,6","2,5","1,5","1,5","1,4","1,5","1,4","1,5","1,3","1,3","1,2","1,2","1,3","1,3"
Valor unitario,Cítricos (frescos o refrigerados),"1,8","1,9","1,6","1,7","1,5","1,6","1,6","1,6","1,3","1,3","1,3","1,3","1,3","1,3","1,3","1,3"
Valor unitario,Platanos (frescos o refrigerados),"1,8","1,9","2,2","2,2","1,8",2,"1,9","1,9","1,8","1,9","1,8","1,9","1,7","1,8","1,6","1,7"
Valor unitario,Manzanas (frescas o refrigeradas),"1,9",2,"1,9",2,"1,9",2,"1,8","1,8","1,7","1,7","1,8","1,9","1,6","1,6","1,5","1,6"
Valor unitario,Peras (frescas o refrigeradas),"2,2","2,3","2,2","2,2",2,"2,1","2,1",2,"1,8","1,8","1,8","1,9","1,8","1,7","1,7","1,7"
Valor unitario,Frutas con hueso (frescas o refrigeradas),"3,7","3,7","3,8","3,8","3,5","3,6","3,4","3,4",3,3,"2,8","2,7","2,6","2,7","2,5","2,7"
Valor unitario,"Bayas (fresas, frambuesas, uvas, etc.) (frescas o refrigeradas)","5,4","5,6","5,3","5,4","4,8","4,5","4,6","3,9","3,9","3,6","3,6","3,3","3,2","3,4",3,"2,9"
Valor unitario,Otras frutas (frescas o refrigeradas),2,"2,1","2,1","2,2","1,7","1,6","1,8","1,8","1,6","1,7","1,6","1,7","1,5","1,5","1,5","1,5"
Valor unitario,Frutos secos,"10,7","10,9","11,4","10,9",12,"11,7","11,5","11,4","11,1","10,8",11,"11,2","10,6","10,8","10,2","10,2"
Valor unitario,"Frutas preparadas, en conserva y congeladas","5,2","5,6","5,3","5,5","5,2","5,8","4,8","3,8","4,6","4,1","4,5","3,8","4,6","3,7","4,4","3,4"
Valor unitario,Hortalizas de hoja o de tallo (frescas o refrigeradas),"2,9","3,1","2,8","2,8","2,8",3,"2,7","2,8","2,5","2,5","2,4","2,5","2,3","2,5","2,2","2,4"
Valor unitario,Bolsas de mezcla de lechugas (frescas o refrigeradas),"7,2","6,6","7,4","7,2","8,5","7,7","7,9","6,7","7,4","5,9","7,3","6,3","7,3","6,6","7,3","6,6"
Valor unitario,Coles (frescas o refrigeradas),"2,2","2,3","2,2","2,2","2,1","2,1","2,2","2,2",2,"1,9","1,8","1,9","1,8","1,9","1,8","1,7"
Valor unitario,"Hortalizas cultivadas por su fruto (tomates, judías verdes, calabacines, etc.) (frescas o refrigeradas)","2,5","2,5","2,4","2,4","2,1","2,1","2,1","2,1",2,"1,9","1,9","1,9","1,9","1,9","1,8","1,8"
Valor unitario,Hortalizas con raíz o bulbo y setas (frescas o refrigeradas),"2,6","2,5","2,4","2,4","2,3","2,2","2,2","2,2","2,1","2,1","1,9","1,9","1,8","1,8","1,8","1,8"
Valor unitario,Legumbres y hortalizas secas,"2,9","2,5","2,9","2,8","2,7","2,4","2,7","2,3","2,7","2,3","2,6","2,3","2,5","2,3","2,5","2,2"
Valor unitario,Legumbres y hortalizas procesadas y otras preparaciones a base de legumbres y hortalizas,"4,3","4,4","4,1","4,1",4,"3,7","4,1","4,1","3,8","3,8","3,7","3,6","3,6","3,5","3,5","3,6"
Valor unitario,Legumbres y hortalizas congeladas,3,"3,1","3,1","2,9","2,7","2,6","2,8","2,5","2,6","2,5","2,6","2,6","2,5","2,3","2,6","2,5"
Valor unitario,Aceitunas,7,"6,7","7,3","6,7","7,4","6,5","7,3","6,6","6,5","5,9","6,2","5,9",6,"5,9","6,1","5,2"
Valor unitario,Patatas,"1,4","1,4","1,2","1,2","1,1","1,1","1,1","1,1",1,1,"0,9","0,9","0,8","0,8","0,9","0,9"
Valor unitario,Snacks,"8,8","8,1","9,3","8,3",9,8,"8,2",7,"7,6","7,2","7,7","7,4","7,3","7,1","7,3","6,9"
Valor unitario,"Productos derivados de las patatas, mandioca y otros tubérculos","3,5","3,2","3,4","3,1","3,4","2,6","3,4","2,6","3,2","2,4","3,1","3,2","2,8","2,3","2,7","2,3"
Valor unitario,Azúcar,"1,5","1,6","1,2","1,4","1,1","1,1","1,1","1,2",1,"1,1",1,1,1,1,1,1
Valor unitario,"Confitura, mermelada y miel","5,4","5,3","5,5","5,3","5,3","5,3","5,3",5,"4,7","4,2","4,6","4,5","4,6","4,7","4,9","4,7"
Valor unitario,Chocolate,"11,6","11,9","11,5","11,5","11,7","10,5","11,3",11,"10,7","10,8","10,1","10,2","9,9","9,9",10,"10,3"
Valor unitario,Helados,"5,3","5,6","4,9","4,9",5,5,5,5,"4,7","4,5","4,8","5,1","4,5","4,8","4,5","4,8"
Valor unitario,Edulcorantes,0,0,0,0,0,0,0,0,0,0,0,0,0,0,0,0
Valor unitario,"Café, no en cápsulas","9,9","9,6",10,"9,9","9,8",10,"9,7","8,9","7,9","8,6","9,1","8,7","7,1",8,"8,9","8,3"
Valor unitario,Café en cápsulas,"0,3","0,3","0,3","0,3","0,3","0,3","0,3","0,3","0,3","0,3","0,3","0,3","0,3","0,3","0,3","0,3"
Valor unitario,Té e infusiones,0,"0,1",0,0,0,0,0,0,0,0,0,0,0,0,0,0
Valor unitario,Bebidas de cacao y chocolate en polvo,"4,1","4,3","3,6","3,5","3,3","3,2","3,4","3,6","3,1","3,3",3,"2,8",3,"2,9","3,1","3,1"
Valor unitario,Agua mineral,"0,3","0,4","0,3","0,4","0,3","0,4","0,3","0,4","0,3","0,4","0,3","0,4","0,3","0,4","0,3","0,4"
Valor unitario,Bebidas refrescantes con o sin gas,"1,1","1,2","1,1","1,2","1,1","1,2",1,"1,1",1,"1,1","0,9",1,"0,9",1,"0,9","0,9"
Valor unitario,Bebidas energéticas,"2,6",3,"2,3","2,6","2,4","2,8","2,3","2,2","2,2","2,3",2,"2,1","1,9","2,2",2,"1,9"
Valor unitario,Bebidas isotónicas,"1,5","1,6","1,6","1,6","1,6","1,6","1,4","1,3","1,4","1,2","1,4","1,3","1,3","1,3","1,3","1,3"
Valor unitario,Zumos de frutas y/o vegetales,"1,4","1,5","1,3","1,4","1,2","1,3","1,2","1,3","1,2","1,3","1,2","1,3","1,1","1,2","1,1","1,1"
Valor unitario,"Espirituosos, licores y similares. Licores sin alcohol","12,6",14,"13,3","15,4","13,3","13,1","11,9","11,5","12,4","13,2","11,4","12,4",11,"11,5","10,9","11,9"
Valor unitario,Vinos de uva,"4,2","4,2",4,"4,5","3,9","3,9","3,8","4,5","3,6","4,1","3,5","4,1",3,"3,7","2,9","3,4"
Valor unitario,Otros vinos,"4,5","3,8","4,1","3,4","3,9","3,8","3,9","3,7","3,7","3,5","3,4","3,4","3,4","3,5","3,4","3,9"
Valor unitario,Otras bebidas a base de vino,"1,4","1,3","1,2","1,3","1,2","1,2","1,3","1,2","1,2","1,2","1,1","1,1",1,1,"0,9","0,9"
Valor unitario,Cerveza,"1,7","1,8","1,6","1,8","1,5","1,6","1,5","1,7","1,4","1,6","1,3","1,5","1,3","1,5","1,3","1,5"
Valor unitario,Cerveza baja en alcohol o sin alcohol,"1,8","1,9","1,6","1,7","1,6","1,6","1,5","1,6","1,4","1,4","1,3","1,4","1,3","1,3","1,2","1,3"
Valor unitario,Bebidas a base de cerveza,"1,8","1,8","1,7","1,8","1,6","1,6","1,6","1,4","1,4","1,4","1,5","1,5","1,4","1,4","1,5","1,4"
Valor unitario,Cigarrillos,"0,2","0,2","0,2","0,2","0,2","0,2","0,2","0,2","0,2","0,2","0,2","0,2","0,2","0,2","0,2","0,2"
Valor unitario,Puros y pequeños cigarros,"0,3","0,9","0,3",0,"0,3","0,4","0,3","0,5","0,4","1,2","0,4","2,6","0,4","0,4","0,3","0,3"
Valor unitario,Suministro de agua,"1,6",2,"1,5","1,7","1,2","1,1","1,3","1,5","1,3","1,4","1,2","1,1","1,2","1,3","1,2","1,4"
Valor unitario,Electricidad,"0,3","0,3","0,3","0,3","0,3","0,3","0,3","0,3","0,3","0,3","0,3","0,3","0,3","0,3","0,2","0,3"
Valor unitario,Gas ciudad y natural,"1,2","1,2",1,"0,9","0,9","0,9","0,9","0,9",1,"0,9","0,9","0,8",1,1,1,1
Valor unitario,"Gas licuado (butano, propano, etc.)","1,4","1,2","1,4","1,4","1,2","1,2","1,1",1,"1,2","1,2","1,2","1,2","1,1","1,1","1,1","1,1"
Valor unitario,Combustibles líquidos,"1,1","1,1","0,9","0,8","0,8","0,8","0,8","0,8","0,8","0,8","0,8","0,8","0,7","0,8","0,7","0,8"
Valor unitario,Combustibles sólidos,"0,2","0,3","0,2","0,3","0,2","0,3","0,2","0,3","0,2","0,2","0,1","0,3","0,1","0,2","0,1","0,2"
Valor unitario,Gasóleo,"1,4","1,4","1,5","1,4","1,2","1,2","1,1","1,1","1,2","1,2","1,2","1,2","1,1","1,1",1,1
Valor unitario,Gasolina,"1,5","1,5","1,5","1,5","1,3","1,3","1,2","1,2","1,2","1,3","1,2","1,3","1,2","1,2","1,1","1,1"